-- Generation time: Mon, 18 Nov 2019 13:11:43 +0000
-- Host: mysql.hostinger.ro
-- DB name: u574849695_23
/*!40030 SET NAMES UTF8 */;
/*!40101 SET @OLD_CHARACTER_SET_CLIENT=@@CHARACTER_SET_CLIENT */;
/*!40101 SET @OLD_CHARACTER_SET_RESULTS=@@CHARACTER_SET_RESULTS */;
/*!40101 SET @OLD_COLLATION_CONNECTION=@@COLLATION_CONNECTION */;
/*!40103 SET @OLD_TIME_ZONE=@@TIME_ZONE */;
/*!40103 SET TIME_ZONE='+00:00' */;
/*!40014 SET @OLD_UNIQUE_CHECKS=@@UNIQUE_CHECKS, UNIQUE_CHECKS=0 */;
/*!40014 SET @OLD_FOREIGN_KEY_CHECKS=@@FOREIGN_KEY_CHECKS, FOREIGN_KEY_CHECKS=0 */;
/*!40101 SET @OLD_SQL_MODE=@@SQL_MODE, SQL_MODE='NO_AUTO_VALUE_ON_ZERO' */;
/*!40111 SET @OLD_SQL_NOTES=@@SQL_NOTES, SQL_NOTES=0 */;

use vk;

DROP TABLE IF EXISTS `blacklist`;
CREATE TABLE `blacklist` (
  `initiator_user_id` bigint(20) unsigned NOT NULL,
  `target_user_id` bigint(20) unsigned NOT NULL,
  PRIMARY KEY (`initiator_user_id`,`target_user_id`),
  KEY `initiator_user_id` (`initiator_user_id`),
  KEY `target_user_id` (`target_user_id`),
  CONSTRAINT `blacklist_ibfk_1` FOREIGN KEY (`initiator_user_id`) REFERENCES `users` (`id`),
  CONSTRAINT `blacklist_ibfk_2` FOREIGN KEY (`target_user_id`) REFERENCES `users` (`id`)
) ENGINE=InnoDB DEFAULT CHARSET=utf8 COLLATE=utf8_unicode_ci;

INSERT INTO `blacklist` VALUES ('1','1'),
('2','2'),
('3','3'),
('4','4'),
('5','5'); 


DROP TABLE IF EXISTS `communities`;
CREATE TABLE `communities` (
  `id` bigint(20) unsigned NOT NULL AUTO_INCREMENT,
  `name` varchar(150) COLLATE utf8_unicode_ci DEFAULT NULL,
  PRIMARY KEY (`id`),
  KEY `communities_name_idx` (`name`)
) ENGINE=InnoDB AUTO_INCREMENT=21 DEFAULT CHARSET=utf8 COLLATE=utf8_unicode_ci;

INSERT INTO `communities` VALUES ('5','aliquam'),
('6','amet'),
('15','aut'),
('4','eius'),
('12','eius'),
('9','esse'),
('1','eveniet'),
('20','facilis'),
('13','nulla'),
('10','officiis'),
('3','omnis'),
('11','optio'),
('16','qui'),
('14','quo'),
('8','ratione'),
('2','rerum'),
('19','rerum'),
('17','sed'),
('7','sunt'),
('18','voluptatum'); 


DROP TABLE IF EXISTS `friend_requests`;
CREATE TABLE `friend_requests` (
  `initiator_user_id` bigint(20) unsigned NOT NULL,
  `target_user_id` bigint(20) unsigned NOT NULL,
  `status` enum('requested','approved','unfriended','declined') COLLATE utf8_unicode_ci DEFAULT NULL,
  `requested_at` datetime DEFAULT current_timestamp(),
  `confirmed_at` datetime DEFAULT NULL,
  PRIMARY KEY (`initiator_user_id`,`target_user_id`),
  KEY `initiator_user_id` (`initiator_user_id`),
  KEY `target_user_id` (`target_user_id`),
  CONSTRAINT `friend_requests_ibfk_1` FOREIGN KEY (`initiator_user_id`) REFERENCES `users` (`id`),
  CONSTRAINT `friend_requests_ibfk_2` FOREIGN KEY (`target_user_id`) REFERENCES `users` (`id`)
) ENGINE=InnoDB DEFAULT CHARSET=utf8 COLLATE=utf8_unicode_ci;

INSERT INTO `friend_requests` VALUES ('1','1','unfriended','1976-09-25 03:58:47','1988-07-29 15:29:10'),
('2','2','unfriended','1977-06-12 16:38:40','1987-05-04 05:08:52'),
('3','3','unfriended','1998-03-29 18:00:40','1999-09-27 21:31:18'),
('4','4','unfriended','1988-10-21 03:44:40','1977-05-22 21:49:01'),
('5','5','declined','1981-01-29 11:35:32','2007-01-06 15:53:25'),
('6','6','requested','1982-09-03 03:17:49','2008-09-24 20:35:06'),
('7','7','requested','2015-02-17 23:16:08','1993-07-28 16:54:13'),
('8','8','declined','1997-06-10 10:55:47','1978-05-03 15:16:54'),
('9','9','requested','1995-08-14 01:03:29','1971-07-15 01:15:56'),
('10','10','unfriended','2014-06-11 20:51:14','1990-05-16 13:05:43'),
('11','11','unfriended','2011-10-15 01:36:54','1985-01-02 09:19:29'),
('12','12','declined','1996-02-05 22:36:33','2003-08-16 00:22:54'),
('13','13','approved','2012-06-12 10:27:07','1987-02-07 20:35:09'),
('14','14','requested','1991-03-31 05:45:46','1982-02-11 23:57:33'),
('15','15','approved','2013-02-10 04:07:46','1994-05-06 14:58:25'),
('16','16','requested','1987-10-12 04:23:01','2016-10-14 03:58:59'),
('17','17','declined','1975-11-07 13:38:20','1999-01-31 22:08:13'),
('18','18','requested','1994-03-24 21:00:09','1998-10-19 16:05:56'),
('19','19','unfriended','1987-12-07 08:18:46','2010-01-04 02:20:27'),
('20','20','unfriended','1994-06-25 21:58:41','1974-01-24 00:47:38'); 


DROP TABLE IF EXISTS `likes`;
CREATE TABLE `likes` (
  `id` bigint(20) unsigned NOT NULL AUTO_INCREMENT,
  `user_id` bigint(20) unsigned NOT NULL,
  `media_id` bigint(20) unsigned NOT NULL,
  `created_at` datetime DEFAULT current_timestamp(),
  PRIMARY KEY (`id`),
  KEY `user_id` (`user_id`),
  KEY `media_id` (`media_id`),
  CONSTRAINT `likes_ibfk_1` FOREIGN KEY (`user_id`) REFERENCES `users` (`id`),
  CONSTRAINT `likes_ibfk_2` FOREIGN KEY (`media_id`) REFERENCES `media` (`id`)
) ENGINE=InnoDB AUTO_INCREMENT=31 DEFAULT CHARSET=utf8 COLLATE=utf8_unicode_ci;

INSERT INTO `likes` VALUES ('1','1','1','2003-01-29 14:38:50'),
('2','2','2','2015-05-01 12:13:35'),
('3','3','3','2018-10-11 08:48:50'),
('4','4','4','2006-05-30 08:57:02'),
('5','5','5','1987-10-08 05:23:51'),
('6','6','6','2003-03-19 03:52:15'),
('7','7','7','2004-06-19 20:47:03'),
('8','8','8','2008-02-15 16:48:26'),
('9','9','9','1974-04-30 06:14:01'),
('10','10','10','2001-01-06 09:18:59'),
('11','11','11','2004-10-24 23:08:59'),
('12','12','12','2002-10-03 13:17:46'),
('13','13','13','1985-08-11 12:09:36'),
('14','14','14','1983-11-17 15:51:23'),
('15','15','15','2003-04-06 13:44:43'),
('16','16','16','1978-08-16 17:42:20'),
('17','17','17','1992-08-08 23:32:22'),
('18','18','18','1997-12-19 09:08:42'),
('19','19','19','2003-12-26 14:50:20'),
('20','20','20','1998-06-17 23:48:21'),
('21','21','21','1986-05-22 11:54:39'),
('22','22','22','2002-10-17 02:56:57'),
('23','23','23','1981-05-11 16:47:08'),
('24','24','24','2003-08-01 11:14:57'),
('25','25','25','1991-09-19 08:42:50'),
('26','26','26','1974-06-13 12:38:44'),
('27','27','27','1996-10-09 15:05:06'),
('28','28','28','2009-03-29 05:59:19'),
('29','29','29','1973-09-16 04:09:47'),
('30','30','30','2005-02-10 08:16:49'); 


DROP TABLE IF EXISTS `media`;
CREATE TABLE `media` (
  `id` bigint(20) unsigned NOT NULL AUTO_INCREMENT,
  `media_type_id` bigint(20) unsigned NOT NULL,
  `user_id` bigint(20) unsigned NOT NULL,
  `body` text COLLATE utf8_unicode_ci DEFAULT NULL,
  `filename` varchar(255) COLLATE utf8_unicode_ci DEFAULT NULL,
  `size` int(11) DEFAULT NULL,
  `metadata` longtext CHARACTER SET utf8mb4 COLLATE utf8mb4_bin DEFAULT NULL,
  `created_at` datetime DEFAULT current_timestamp(),
  `updated_at` datetime DEFAULT current_timestamp() ON UPDATE current_timestamp(),
  PRIMARY KEY (`id`),
  KEY `user_id` (`user_id`),
  KEY `media_type_id` (`media_type_id`),
  CONSTRAINT `media_ibfk_1` FOREIGN KEY (`user_id`) REFERENCES `users` (`id`),
  CONSTRAINT `media_ibfk_2` FOREIGN KEY (`media_type_id`) REFERENCES `media_types` (`id`)
) ENGINE=InnoDB AUTO_INCREMENT=101 DEFAULT CHARSET=utf8 COLLATE=utf8_unicode_ci;

INSERT INTO `media` VALUES ('1','1','1','Ea natus neque est quis rem maiores consectetur. Quis cupiditate similique qui velit eius deserunt. Et sapiente reiciendis corporis natus. Nam asperiores voluptatum temporibus.','application/x-msdownload','2670050',NULL,'2012-11-12 18:09:40','1974-04-29 12:24:35'),
('2','2','2','Iusto temporibus suscipit consequatur sapiente et dicta numquam repellendus. Vitae nihil harum vero labore ad praesentium neque. Numquam dolor molestias qui sint possimus a qui. Quidem nobis ut ipsum reiciendis voluptatem qui.','video/vnd.dece.mobile','868972477',NULL,'2002-10-12 19:03:07','1998-04-03 19:59:16'),
('3','3','3','Quam illum autem unde consequuntur qui explicabo ipsum nam. Molestiae quo libero sint non unde est eaque. Corrupti et temporibus et officia qui necessitatibus. In saepe et laboriosam facilis unde libero.','video/jpm','5',NULL,'1978-12-09 14:05:24','2004-03-05 02:29:09'),
('4','1','4','Id culpa animi veniam adipisci quasi eum animi. Eveniet error architecto soluta dignissimos ut. Possimus et vitae illo non illum ut ea. Alias quia quas atque aut maiores ea. Repellat nobis facilis repellat dolorem ullam aut odit.','application/pkix-pkipath','800',NULL,'2006-07-21 11:24:12','1977-05-27 15:00:16'),
('5','2','5','Officia dolores non praesentium aut suscipit aliquam voluptates. Enim nisi fuga tempora quia tenetur aliquam ab. Modi maxime facere cumque excepturi. Qui aut dignissimos ut quod.','application/vnd.kde.kpresenter','159',NULL,'2012-11-07 15:58:28','1971-08-20 07:03:44'),
('6','3','6','Architecto molestias debitis ex cupiditate reiciendis beatae inventore sapiente. Nemo autem eum quaerat sint delectus vel. Ex et incidunt est mollitia velit itaque vel. Et libero delectus autem aspernatur nostrum.','application/vnd.vcx','0',NULL,'1978-05-03 15:05:18','1996-08-09 21:59:04'),
('7','1','7','Aut ut odio sed enim voluptatum aspernatur est eos. Nesciunt sit expedita voluptas id repudiandae. Accusantium earum nihil corrupti sit ducimus similique eveniet culpa.','application/vnd.ms-excel.addin.macroenabled.12','369843660',NULL,'2000-12-19 10:49:58','1993-01-19 17:25:20'),
('8','2','8','Reprehenderit veritatis sit sequi qui esse animi molestiae. Aut dolores iure ullam nobis sed. Iusto quos voluptas tempore dolorem. Qui animi eum architecto dolor.','application/x-msbinder','927357',NULL,'1981-12-21 10:38:10','1977-10-22 03:56:14'),
('9','3','9','Adipisci molestiae sunt impedit quidem aut voluptas. Enim voluptatum et at et eum fuga corrupti. Minus ut nemo qui aut.','application/x-ms-xbap','61',NULL,'1975-07-31 12:39:04','1981-08-18 16:57:57'),
('10','1','10','Harum accusamus molestias doloremque vel. Et voluptates soluta voluptatem molestiae velit earum. Eligendi hic veniam quam illo iure voluptas.','application/x-msmetafile','197675442',NULL,'1971-03-23 14:21:19','2005-08-15 05:19:32'),
('11','2','11','Praesentium voluptatibus nam est qui nobis voluptatem. Quis ratione omnis animi quam molestiae. Sequi perspiciatis et iure at consequuntur et aperiam.','text/vnd.sun.j2me.app-descriptor','0',NULL,'2012-04-12 00:45:50','2012-01-10 11:41:55'),
('12','3','12','Accusamus neque eos recusandae et quam. Quasi dolor doloribus ipsum earum consequatur aut. Molestias quia sit occaecati quo esse sed reiciendis.','application/vnd.symbian.install','29127',NULL,'2002-09-11 06:57:45','1972-11-15 01:58:03'),
('13','1','13','Maiores quo fugit voluptas officia nemo laborum illum. In quaerat sit nihil optio. Aliquid culpa ea ut id.','application/vnd.trueapp','2361261',NULL,'2017-08-28 15:15:38','1980-09-09 01:48:45'),
('14','2','14','Velit laborum ut porro dolorum. Et soluta dicta aspernatur sint necessitatibus nulla. Quis est perferendis facilis sed dignissimos doloribus voluptatibus.','application/vnd.ms-fontobject','0',NULL,'2003-10-22 20:30:14','2006-08-26 14:46:20'),
('15','3','15','Eos et beatae iure quia sed velit. Excepturi fugit odio ab accusamus quo et dignissimos aut. Autem iure et natus eligendi iste sed.','application/vnd.shana.informed.package','880',NULL,'2012-12-14 00:46:39','2010-07-15 05:35:26'),
('16','1','16','Et repudiandae aliquam excepturi. Ut qui quasi veritatis qui sed molestiae. Deserunt sint repellendus voluptatem. Voluptatem ab eveniet veniam quaerat provident possimus quo amet. Et qui aut soluta at non cumque adipisci.','application/x-conference','96',NULL,'2010-02-19 12:14:01','1998-05-21 04:57:29'),
('17','2','17','Nisi laborum laudantium cum accusantium fugiat laboriosam facilis. Et et delectus dolorem molestiae. Id possimus non sint vitae aut voluptatem.','application/vnd.adobe.xdp+xml','9199',NULL,'2019-10-23 11:22:19','2016-11-20 17:31:35'),
('18','3','18','Eveniet aut rem sit ea. Qui occaecati beatae quae. Aut iusto voluptate et.','video/3gpp2','208721',NULL,'1996-05-22 03:46:57','1987-12-11 04:16:54'),
('19','1','19','Pariatur rem nesciunt placeat et ea similique. Possimus blanditiis mollitia nam cumque adipisci consequatur ducimus. Dolorem consequatur et dignissimos porro omnis nostrum at aliquam.','application/x-ms-xbap','8077604',NULL,'1993-01-29 16:01:37','2003-03-30 07:10:26'),
('20','2','20','Pariatur aut sequi vitae qui quod. Quia architecto fugiat iste sit dolore. Iste ut est reiciendis nesciunt eos dignissimos est sunt.','text/sgml','69',NULL,'1976-11-17 18:22:58','2000-05-10 18:45:10'),
('21','3','21','Amet aliquid pariatur dolore ullam voluptate consequatur. Nulla dicta nisi repellat ea quasi. Dolorem magnam incidunt id officia tenetur eum vero.','image/x-pict','1',NULL,'1987-02-24 16:55:01','1992-04-05 22:04:38'),
('22','1','22','Aut iusto sed laborum aut. Ad et dicta facere dolorem voluptates aut. Mollitia minus id et.','application/xhtml+xml','0',NULL,'1988-10-04 12:17:16','1994-09-12 03:51:58'),
('23','2','23','Dolorum possimus vel accusamus ullam quasi sed. Rerum fuga nobis sit. Autem incidunt consequatur qui tempore nulla vero.','application/vnd.lotus-organizer','9364287',NULL,'1971-04-01 23:50:45','1971-02-05 15:15:52'),
('24','3','24','Eos perspiciatis sed nesciunt at aliquam ipsum dicta ea. Repellendus tempore vitae praesentium voluptas nostrum voluptatem neque et. Provident impedit minus dolorum. Sunt sunt expedita ut neque voluptatem libero laboriosam.','application/vnd.kde.kformula','163216642',NULL,'1986-08-06 21:28:33','2010-07-31 00:22:47'),
('25','1','25','Est corporis rerum libero quas quaerat occaecati repudiandae. Eligendi explicabo ipsa sed excepturi temporibus rerum.','video/mp4','553233',NULL,'2019-01-18 12:15:49','1984-06-20 18:33:56'),
('26','2','26','Neque porro tempora modi repudiandae. Quia sint tempore a nobis. Aspernatur repellat vel in minima consequatur ipsum omnis. Repellat fugiat perspiciatis suscipit aut est.','application/x-xliff+xml','0',NULL,'1998-06-28 18:10:36','2004-07-22 09:37:17'),
('27','3','27','Qui atque voluptas voluptatem nam tempora. Quis iusto hic tempore nam. Dicta praesentium debitis voluptatum esse voluptas nihil aut. Aut molestiae ex perspiciatis iure.','application/vnd.mseq','5',NULL,'1986-06-11 22:41:52','1973-11-21 07:42:30'),
('28','1','28','Est totam et repudiandae. Non molestiae velit autem sed molestiae eos neque. Non omnis nemo et minima vitae et et. Nihil ipsum sed eos illo et.','application/vnd.mozilla.xul+xml','6874',NULL,'1992-07-09 02:37:39','2018-01-30 17:10:36'),
('29','2','29','Odio atque vero aliquam eum et. Praesentium sunt soluta in quo adipisci. Dolores debitis sequi omnis commodi porro et veritatis.','video/vnd.dece.hd','41333334',NULL,'1984-06-06 07:07:56','1992-08-06 10:26:29'),
('30','3','30','Culpa consequuntur quod et provident. Est quasi sit ratione ut natus esse in. Possimus molestiae et in perferendis alias explicabo odio.','model/mesh','54520464',NULL,'2019-08-25 11:05:57','2014-12-11 10:47:32'),
('31','1','31','Omnis ullam quaerat ipsam aliquam hic dolor quis. At voluptatem et natus rerum in voluptatem molestiae. Aliquam omnis rerum beatae dolor omnis eius voluptatem.','video/quicktime','130133650',NULL,'1987-11-02 17:05:41','1983-03-02 01:30:28'),
('32','2','32','Est eum ipsa odit voluptate blanditiis asperiores. Numquam fugiat molestiae qui neque repellendus nihil. Blanditiis magnam sint et.','image/prs.btif','15150',NULL,'2005-04-19 14:23:41','1991-04-07 14:04:39'),
('33','3','33','Odio quas dolore nihil ex delectus. Ipsum est commodi excepturi beatae delectus. Possimus molestiae non in et molestiae.','video/jpm','444',NULL,'1970-05-11 22:40:21','1983-08-05 07:42:15'),
('34','1','34','Rerum minus fuga excepturi placeat reprehenderit corporis ea. Sit et est in aut. Voluptas non aliquam possimus est et sit deleniti. Magnam praesentium necessitatibus tempora corporis.','application/vnd.epson.ssf','225194280',NULL,'1975-05-30 23:30:49','2011-08-19 12:46:25'),
('35','2','35','Distinctio nemo aut dolores. Dolorem rerum voluptatem ut beatae in et.','application/vnd.vsf','549',NULL,'1979-11-26 00:30:25','1972-12-24 02:18:07'),
('36','3','36','Quae inventore nulla molestiae tempora suscipit. Totam aliquam accusamus aliquam quia sint molestiae voluptas. Aut saepe impedit doloremque voluptate nobis sit non.','application/vnd.dece.data','90745',NULL,'1980-11-23 08:36:07','1996-08-28 15:52:26'),
('37','1','37','Repellat dolor commodi et vero optio laudantium aperiam. Ducimus est sint totam voluptatibus reprehenderit ab. Et mollitia debitis quo.','video/vnd.ms-playready.media.pyv','49694',NULL,'1991-10-31 21:12:11','2016-09-16 02:52:44'),
('38','2','38','Aspernatur eum cumque quo officia beatae voluptatibus autem sit. Aut sint assumenda eum expedita autem earum quia. Dignissimos nihil dolores sunt.','application/vnd.visio','71302',NULL,'1988-11-09 08:50:01','1983-11-05 08:28:18'),
('39','3','39','Labore non at ipsam sed. Facere nulla fuga quasi est deserunt. Quia ut assumenda ut quod.','application/vnd.oasis.opendocument.presentation-template','0',NULL,'2007-01-06 01:39:07','1982-03-08 19:49:01'),
('40','1','40','Rerum atque ab rerum cumque error qui id. Illo nulla repellendus quis quia provident est. Accusamus architecto veritatis impedit natus aspernatur consectetur. Quidem nulla consequatur quia reiciendis. Enim dignissimos pariatur placeat labore enim.','application/vnd.wt.stf','41466',NULL,'2014-03-22 18:46:50','1989-01-09 15:31:53'),
('41','2','41','Sed rem velit nihil itaque. Et sit repudiandae modi consequatur eum ipsa incidunt quas. Voluptas perferendis non commodi. Eum mollitia et quia ex.','application/vnd.wordperfect','11634',NULL,'1977-08-31 02:29:26','2019-05-03 02:16:52'),
('42','3','42','Vitae molestiae dolorum eligendi. Cumque doloremque et omnis nihil error sed. Aut voluptates voluptatum voluptas pariatur nulla.','application/msword','922809',NULL,'2000-03-29 14:20:48','2019-03-23 08:23:19'),
('43','1','43','Excepturi corrupti inventore enim et deserunt veritatis dolores quo. Tempora laudantium tenetur quo ut provident commodi. Reprehenderit ipsam deserunt nemo in expedita.','text/sgml','18128070',NULL,'2002-06-16 22:46:01','1981-06-07 14:58:20'),
('44','2','44','Quia blanditiis nihil non molestiae officia mollitia. Velit veritatis velit quasi doloremque voluptates. Nisi molestiae deserunt quia quis enim. Id quasi corporis at non doloremque omnis.','text/x-fortran','32198768',NULL,'1978-10-16 19:31:56','1987-12-12 21:23:29'),
('45','3','45','Non ut et dolores dicta facilis qui. Sapiente vitae qui ut cumque. Ut accusantium harum dolore fuga repellendus voluptatem. Voluptate harum tenetur aperiam rem exercitationem illo.','application/vnd.stepmania.stepchart','8867',NULL,'1981-03-25 10:25:48','2000-11-24 08:45:31'),
('46','1','46','Aperiam qui itaque consectetur ex laboriosam perferendis. Reprehenderit tempore enim sint eaque omnis.','application/vnd.mseq','8975',NULL,'2014-03-25 03:10:29','1987-03-29 08:59:23'),
('47','2','47','Minima voluptates quae impedit enim sint vero. Facere blanditiis quo aut sit autem ratione deserunt. Suscipit illum quo occaecati laboriosam dolorum enim modi. Perferendis exercitationem debitis soluta ab.','application/xspf+xml','48704',NULL,'2005-09-24 17:38:19','1986-03-16 08:19:34'),
('48','3','48','Impedit perferendis aliquam non doloremque praesentium. Saepe ut deleniti similique magnam velit. Est qui numquam nihil aspernatur quasi amet dignissimos.','video/x-matroska','43369934',NULL,'2004-04-21 12:22:09','1998-04-16 08:45:50'),
('49','1','49','Sunt debitis fuga voluptatem quasi cupiditate velit qui. Dolorem aliquam officia est culpa aspernatur consequatur explicabo alias. Eius architecto molestias expedita. Sapiente id ea excepturi quia velit. Voluptatem ut qui sunt rerum.','application/vnd.denovo.fcselayout-link','2506184',NULL,'2003-01-05 13:54:18','1996-12-26 21:29:53'),
('50','2','50','Soluta dolor quia ut provident suscipit amet. Fugit nostrum aut est est fugiat. Nisi facilis cum ut et porro aspernatur.','application/vnd.sun.xml.math','0',NULL,'1987-10-29 16:54:08','1989-12-31 14:26:55'),
('51','3','51','Doloremque hic velit corrupti. Magni quibusdam fugit vel et.','application/x-chat','361',NULL,'1971-05-14 05:41:27','1985-01-23 06:15:51'),
('52','1','52','Quam quibusdam assumenda voluptate quos quibusdam. Eveniet est inventore amet sed voluptatum est. Sint ullam accusantium doloribus.','image/vnd.djvu','781',NULL,'1981-10-18 18:20:45','1971-07-16 18:57:08'),
('53','2','53','Nam modi voluptatem accusantium illum voluptates et. Veritatis sed nulla voluptates. Cupiditate dolore qui veniam laborum et. Qui impedit ea nulla et.','application/vnd.ms-wpl','14053',NULL,'1992-06-02 01:08:30','1972-09-11 05:44:09'),
('54','3','54','Sed illum ratione ea odit assumenda. Et placeat officiis repudiandae velit illum. Autem quibusdam possimus dolor autem suscipit. Minus hic et unde sint facere.','application/rss+xml','8',NULL,'2011-04-07 18:23:06','1986-10-01 00:11:41'),
('55','1','55','Ut vero esse minima id. Modi qui minus sit. Eius debitis mollitia est velit accusamus in.','application/vnd.ms-lrm','8563997',NULL,'1982-09-08 03:54:03','2003-08-30 17:34:08'),
('56','2','56','Ut et sed molestiae veniam quidem et. Quo temporibus illo aperiam eos culpa et neque. Tempora sint voluptatem reprehenderit dolorem libero.','text/css','953649',NULL,'2005-01-18 12:24:06','1992-08-16 21:36:01'),
('57','3','57','Illum consequuntur nihil sint et aut est ullam omnis. Distinctio sed eius ut quaerat. Fuga laborum alias voluptates consequatur dolorem hic. Aut quos optio qui. Eligendi suscipit voluptates tenetur similique vitae qui maiores fugit.','application/x-latex','78544',NULL,'1999-08-31 17:24:45','1970-08-30 11:36:43'),
('58','1','58','Sint accusantium odio nobis. Quos officiis voluptatem et sunt dolor libero. Ratione maxime illum distinctio voluptatem. Vel labore vitae quo voluptate.','model/vnd.gdl','0',NULL,'1993-09-14 19:49:39','2000-07-08 05:55:34'),
('59','2','59','Veniam nobis adipisci et exercitationem voluptatem. Sit atque maiores architecto quisquam aut. Voluptatem labore vel ullam provident eveniet voluptatibus.','application/vnd.oasis.opendocument.graphics','5662938',NULL,'2010-11-01 08:30:48','1996-08-25 19:36:29'),
('60','3','60','Id quia facere est dolor qui id quisquam. Distinctio natus aliquam et quo et. Molestiae reprehenderit recusandae et laboriosam ut.','application/vnd.openxmlformats-officedocument.wordprocessingml.template','24',NULL,'1976-11-17 07:54:01','2014-02-23 01:53:18'),
('61','1','61','Nihil architecto qui magnam. Nostrum et sit asperiores ex omnis. Sed explicabo et omnis ipsa. Cupiditate fuga necessitatibus eum assumenda.','text/vnd.dvb.subtitle','98325086',NULL,'1975-11-12 08:42:43','1981-05-08 04:06:20'),
('62','2','62','Nobis nostrum delectus optio porro reiciendis tenetur et. Nam perferendis nisi iusto minus non. Ad velit sit illo. Voluptates voluptatum est perferendis sit.','application/vnd.fdsn.mseed','93',NULL,'2007-05-20 00:53:19','1982-09-24 05:42:44'),
('63','3','63','Tenetur eaque id possimus quos. Sit adipisci molestias sint. Impedit nostrum et magni qui accusantium aut dolorem.','application/x-x509-ca-cert','0',NULL,'1972-03-08 16:14:31','2008-07-10 03:27:02'),
('64','1','64','Soluta facere omnis hic ea tempore consequatur vel quo. Dicta in eius inventore accusamus odio quaerat saepe.','application/vnd.adobe.air-application-installer-package+zip','0',NULL,'2018-05-19 02:30:01','1994-09-02 07:27:36'),
('65','2','65','Nisi velit qui inventore quam. Veritatis minus tenetur saepe sed ullam. Perspiciatis id consequatur cumque ullam eius architecto.','application/vnd.kde.kpresenter','9',NULL,'1993-08-12 03:02:01','1987-03-27 22:35:37'),
('66','3','66','Consequuntur temporibus ratione rerum culpa nostrum. Asperiores quasi facere impedit voluptas culpa provident optio. Aspernatur et magni quos officia ut quisquam sunt.','text/x-fortran','22373',NULL,'1980-04-17 17:10:58','1987-10-08 03:57:51'),
('67','1','67','Laudantium possimus quo sit illo. Impedit qui natus ut modi. Modi optio sed qui sunt ab ut. Unde pariatur fuga odio ad.','video/vnd.vivo','83',NULL,'2001-07-23 15:17:39','1998-10-18 07:56:58'),
('68','2','68','Quia et magnam nisi mollitia adipisci ab consequatur. Debitis vitae fuga expedita occaecati. Sunt ut et harum ut ipsum consequatur excepturi. Debitis ullam nihil maxime delectus officia deserunt vel qui. Possimus explicabo ipsam esse quas vitae.','application/vnd.ms-excel.sheet.binary.macroenabled.12','608890234',NULL,'2019-08-17 01:50:44','1990-09-01 08:43:15'),
('69','3','69','Sit reiciendis ex aut libero deserunt esse. Dolorem voluptas ducimus laborum ut eius velit. Consectetur at nihil facilis dolorem autem.','application/x-csh','91',NULL,'1971-01-22 19:49:16','1995-11-12 17:55:32'),
('70','1','70','Magni vel quam impedit veniam debitis esse error. Non consequatur eum numquam enim. Quia ratione mollitia odit. A qui sit doloribus a velit ea.','application/msword','1190074',NULL,'1977-08-07 05:25:42','1990-07-14 09:17:28'),
('71','2','71','A rerum corporis veniam est aspernatur. Esse sed deserunt earum fugit temporibus debitis. Iure sit sit est mollitia nihil consequatur repellendus.','application/x-ustar','9238448',NULL,'2003-03-17 02:16:16','2004-09-24 18:16:34'),
('72','3','72','Odio aperiam facere qui placeat. Velit ut qui dolorem ad deserunt iusto. Perferendis exercitationem eligendi quaerat corporis quo incidunt distinctio. Rerum doloremque corporis aut sunt ut occaecati. Necessitatibus iure voluptas sit omnis unde voluptate.','text/vnd.curl.dcurl','204523',NULL,'1994-12-20 00:18:32','2013-08-04 01:09:20'),
('73','1','73','Aut vel quisquam doloribus a aut. Modi quod suscipit numquam voluptatum inventore laudantium sed. Delectus voluptatem aut ad ea accusamus. Nostrum doloremque quidem veniam non.','application/vnd.llamagraphics.life-balance.exchange+xml','36571055',NULL,'1976-07-16 20:53:04','2004-06-28 21:28:39'),
('74','2','74','Quia ratione voluptatem quia ad et. Sunt mollitia et odio occaecati. Quod quaerat sapiente officia recusandae eum beatae. Et est iure facere.','application/vnd.sailingtracker.track','0',NULL,'2017-02-23 13:12:53','1995-03-03 10:46:22'),
('75','3','75','Nisi eum deserunt dignissimos harum. Ad ut optio magni laudantium. Sint nam hic voluptate nihil dolores. Est ut eligendi aut id quibusdam quia neque.','application/vnd.dart','467',NULL,'1978-09-30 15:14:42','2008-09-17 03:06:18'),
('76','1','76','Sequi ipsum magni repudiandae est deleniti qui qui deleniti. Omnis sed ut qui eos accusamus est dolore.','application/xhtml+xml','4256',NULL,'1977-06-20 01:16:38','2008-09-27 21:24:17'),
('77','2','77','Facilis officia itaque nihil. Ut facilis asperiores minima natus. Excepturi reiciendis odit voluptates officia. Nostrum omnis ut ut vel est necessitatibus officiis.','application/vnd.openxmlformats-officedocument.presentationml.template','920',NULL,'2013-12-18 22:50:09','2000-03-18 19:49:40'),
('78','3','78','Commodi quia ut soluta qui. Et voluptas dicta cupiditate provident dolores. Quos est quos eaque itaque non. Et corporis et voluptas et qui ea.','application/vnd.kde.karbon','348',NULL,'1992-11-20 15:56:48','1985-04-07 06:33:43'),
('79','1','79','Dicta rerum quos quia aspernatur. In magni sed ad consequatur rerum alias et. Et incidunt quisquam et natus ut.','text/x-opml','509',NULL,'1985-12-20 01:59:21','2002-11-15 18:35:47'),
('80','2','80','Quaerat at excepturi itaque veritatis. Aut doloribus id ipsum. Magnam amet autem mollitia aliquid consequatur aperiam.','application/vnd.ms-fontobject','4',NULL,'1994-01-11 15:56:50','1977-11-06 04:13:46'),
('81','3','81','Est totam laborum dolores sequi enim eos ullam error. Qui et qui similique eligendi. Nobis eligendi nesciunt dolor libero impedit. Et labore doloremque quam deserunt.','audio/x-aiff','84520419',NULL,'2015-12-16 02:34:08','1984-09-06 04:40:59'),
('82','1','82','Similique perspiciatis incidunt id autem perferendis eum. Nulla enim autem asperiores quasi excepturi expedita iste. Quisquam qui et cum tenetur. Molestias deserunt dolorem non vero. Assumenda exercitationem expedita reprehenderit ut illum aperiam ipsa.','application/vnd.oasis.opendocument.presentation','0',NULL,'2015-06-13 10:01:37','1984-08-30 23:33:29'),
('83','2','83','Quidem consequatur fuga dolor enim autem non. Animi rem repellendus qui nihil ea ut. Quod omnis voluptatum et ut. Iure illum pariatur qui dolor repellendus occaecati ullam mollitia. Neque corporis in libero ea animi.','model/x3d+vrml','43693',NULL,'1979-11-07 06:24:58','2017-01-09 18:24:10'),
('84','3','84','Pariatur non voluptas et ipsum quasi quia. Pariatur amet explicabo architecto possimus est porro sint. Beatae reprehenderit officiis similique non libero tempora quidem.','video/x-fli','944805597',NULL,'2018-10-19 20:47:27','1994-03-04 16:17:30'),
('85','1','85','Molestias rem dignissimos dicta voluptatibus fugiat. Dolore consequatur nulla ipsam et ut vel. A ea quisquam qui. Perferendis voluptas inventore voluptas minima cum repellat.','application/vnd.ms-pki.seccat','3424557',NULL,'1986-05-11 20:45:29','2016-03-13 03:56:00'),
('86','2','86','Corrupti incidunt sint in. Facilis officia nesciunt est aperiam corrupti dolores. Sunt rem non corporis. Aperiam necessitatibus est ut autem non nulla. Ab ducimus ut accusantium voluptatem sed vel ab.','application/vnd.denovo.fcselayout-link','0',NULL,'2019-09-14 16:32:24','2008-03-04 02:09:06'),
('87','3','87','Ut debitis qui in iusto. Odit veniam consequuntur et. Aperiam asperiores accusantium maxime maxime. Sed aperiam alias quis voluptas illum inventore.','application/x-stuffitx','125019',NULL,'1978-08-19 00:29:51','1971-10-21 06:19:58'),
('88','1','88','Inventore explicabo unde aliquid dignissimos quisquam dolores dignissimos. Sunt aut officiis corrupti et voluptates et necessitatibus. Qui voluptas provident perspiciatis dolorem sit.','application/pkixcmp','98155',NULL,'1981-07-23 09:37:50','1983-01-22 18:44:21'),
('89','2','89','Ut consectetur quia nesciunt sed. Dolor amet a voluptatem debitis. Tempore doloribus temporibus facilis alias.','application/vnd.musician','944',NULL,'2010-10-02 04:49:45','2004-05-01 00:01:11'),
('90','3','90','Ut quo asperiores est odio et accusamus. Qui quidem hic aut id. Non corrupti illum dignissimos. Non minus est laboriosam consequatur.','image/x-portable-anymap','52370',NULL,'1982-03-12 03:23:09','2010-11-17 21:22:14'),
('91','1','91','Repellat nihil nesciunt voluptatem. Error officiis quos corporis aut. Laudantium ipsum ipsum nemo repellendus necessitatibus non. Officia nesciunt non ea qui.','image/png','562',NULL,'1986-09-18 02:23:00','2017-12-31 12:58:25'),
('92','2','92','Et vel placeat ipsam quis et dolore et. Veritatis possimus sint provident quia ut autem. Quod est quo voluptate illo. Qui totam qui iste illo.','application/vnd.oasis.opendocument.image-template','1534651',NULL,'2011-10-17 06:16:44','1994-12-16 19:15:05'),
('93','3','93','Et molestias autem aperiam debitis neque. Reprehenderit cum quo ducimus tenetur dolor. Officia facilis aspernatur quis fugiat dolores.','image/vnd.dvb.subtitle','880',NULL,'2018-03-22 14:00:54','1974-07-11 20:55:07'),
('94','1','94','Exercitationem quo reiciendis eum dicta fuga. Cum est odio molestiae praesentium ab velit aliquid incidunt. Fugit quisquam est sint molestiae. Incidunt amet cum est quia quia. Accusantium culpa soluta voluptates qui soluta officia a.','video/vnd.dece.sd','36',NULL,'2015-12-16 13:38:25','1990-01-20 16:13:58'),
('95','2','95','Suscipit sed dolores amet voluptatibus fuga ut. Maxime delectus sed consequuntur aut architecto saepe modi illo.','application/x-mscardfile','0',NULL,'1987-11-07 22:42:46','2012-12-04 19:07:03'),
('96','3','96','Dolorum maxime ipsa doloribus nulla. Eos quis molestiae ut consectetur id error. Necessitatibus officiis adipisci est. Velit optio accusamus quia qui.','application/vnd.shana.informed.package','6',NULL,'1973-12-10 02:16:03','2012-01-17 14:30:17'),
('97','1','97','Mollitia dolorem et incidunt voluptatibus debitis. Voluptatem non incidunt sapiente quos totam non. Est consequatur inventore earum est accusamus.','video/x-msvideo','727',NULL,'1972-04-29 13:56:02','1999-01-10 02:58:45'),
('98','2','98','Et dolores qui non placeat quis. Delectus vel voluptatibus animi sunt pariatur. Rerum porro non sed cupiditate cum.','application/epub+zip','0',NULL,'2001-10-15 20:52:38','1985-04-13 05:23:19'),
('99','3','99','Iusto incidunt in dicta suscipit ut facilis. Ab repellat dolores harum ducimus rerum. Est magni ratione corrupti consequatur expedita eos.','application/vnd.sus-calendar','22992',NULL,'2018-02-11 15:24:28','2011-12-25 22:02:25'),
('100','1','100','Eum iusto numquam eligendi dignissimos possimus velit. Sed rerum et et ex. Qui et rerum earum non illum ducimus et.','application/vnd.dynageo','0',NULL,'2005-06-13 18:02:21','2012-05-12 09:45:17'); 


DROP TABLE IF EXISTS `media_types`;
CREATE TABLE `media_types` (
  `id` bigint(20) unsigned NOT NULL AUTO_INCREMENT,
  `name` varchar(255) COLLATE utf8_unicode_ci DEFAULT NULL,
  `created_at` datetime DEFAULT current_timestamp(),
  `updated_at` datetime DEFAULT current_timestamp() ON UPDATE current_timestamp(),
  PRIMARY KEY (`id`)
) ENGINE=InnoDB AUTO_INCREMENT=4 DEFAULT CHARSET=utf8 COLLATE=utf8_unicode_ci;

INSERT INTO `media_types` VALUES ('1','ptid','1988-11-02 14:14:38','2014-01-05 09:34:27'),
('2','sis','1992-05-08 23:08:18','2016-07-06 17:44:30'),
('3','tpt','1990-04-04 01:10:50','2004-04-04 06:57:52'); 


DROP TABLE IF EXISTS `messages`;
CREATE TABLE `messages` (
  `id` bigint(20) unsigned NOT NULL AUTO_INCREMENT,
  `from_user_id` bigint(20) unsigned NOT NULL,
  `to_user_id` bigint(20) unsigned NOT NULL,
  `body` text COLLATE utf8_unicode_ci DEFAULT NULL,
  `created_at` datetime DEFAULT current_timestamp(),
  PRIMARY KEY (`id`),
  KEY `messages_from_user_id` (`from_user_id`),
  KEY `messages_to_user_id` (`to_user_id`),
  CONSTRAINT `messages_ibfk_1` FOREIGN KEY (`from_user_id`) REFERENCES `users` (`id`),
  CONSTRAINT `messages_ibfk_2` FOREIGN KEY (`to_user_id`) REFERENCES `users` (`id`)
) ENGINE=InnoDB AUTO_INCREMENT=101 DEFAULT CHARSET=utf8 COLLATE=utf8_unicode_ci;

INSERT INTO `messages` VALUES ('1','1','1','Voluptatem deserunt consequuntur sint molestias nemo recusandae odio voluptatum. Expedita velit qui debitis esse eum numquam animi fugiat. Quo illo sapiente consequuntur repudiandae ipsa debitis consectetur.','2003-08-23 13:14:16'),
('2','2','2','In voluptas nulla odio laboriosam at. Eius tempore consequatur itaque sequi fugit repudiandae. Rem voluptas suscipit et voluptas. Ut facilis voluptatibus iusto velit.','2012-02-16 15:51:59'),
('3','3','3','Consectetur ea atque consequatur consequatur qui eos. Odit vel placeat eaque porro.','1980-05-14 23:17:11'),
('4','4','4','Sit sed sed odio inventore. Alias quo facilis aut magni non ea. Fugit iure ab doloribus ut.','1995-12-08 16:12:31'),
('5','5','5','Debitis facere aut ut adipisci nulla perferendis. Porro maiores fuga rerum magni repellendus. Fugit excepturi quia numquam voluptate ullam.','1980-08-07 15:28:58'),
('6','6','6','Autem eaque est iure aut sint ut eius. Quod explicabo quia quam. Pariatur earum illo quis iure laboriosam aliquam voluptatem. Alias doloremque delectus rerum.','2007-04-09 19:37:46'),
('7','7','7','Fugit eaque ut error fugiat molestiae laborum sint. Veritatis aliquam delectus molestiae consectetur reprehenderit facere. Doloremque impedit consequatur quo.','1991-11-16 11:03:06'),
('8','8','8','Neque quae rerum eos beatae dignissimos ut. Earum nesciunt voluptatem totam et consequuntur aut necessitatibus autem. Id adipisci qui dolorem voluptate est. Quibusdam voluptatem velit eum ea consequatur.','2004-03-14 03:44:14'),
('9','9','9','Dolor aut ea suscipit distinctio. Iste debitis veniam minus veritatis. Quis autem dolores voluptatibus iusto fuga eligendi magni.','1987-03-01 03:00:03'),
('10','10','10','Nihil quod tempore quidem totam quidem non iusto autem. Quia assumenda tenetur eligendi animi pariatur. Deserunt est nihil odit sit.','1999-02-08 10:23:34'),
('11','11','11','Laudantium facilis quia rerum dolores. Facere quam facilis totam. Doloribus eius nihil recusandae soluta.','1985-10-15 21:56:52'),
('12','12','12','Deleniti ea at odit animi. Nam ut distinctio sed est eius assumenda. Molestiae ipsam et eius ipsa itaque.','1985-02-25 06:07:15'),
('13','13','13','In aperiam vero in cupiditate. Recusandae consectetur eum commodi autem saepe explicabo. Dolorem et similique earum placeat. Fugiat et voluptatem consequatur consequatur quibusdam nihil numquam.','1987-03-29 18:20:32'),
('14','14','14','Earum doloribus harum in. Excepturi magni deserunt et consectetur non quia blanditiis ut. Voluptatibus fuga adipisci vero quis quo quia consequatur. Sunt et consequuntur minus quo ducimus at vel.','2016-03-15 12:54:58'),
('15','15','15','Voluptatem quis et voluptatem adipisci consectetur voluptatem saepe reiciendis. Eum voluptatem quia rerum amet animi ullam molestias accusantium. Eos nam voluptas voluptatem dignissimos laudantium. Earum molestiae cumque ipsa a.','1980-08-02 04:13:30'),
('16','16','16','Qui numquam nesciunt eligendi ut similique et voluptatibus. Nihil optio sed eos doloribus. Est omnis qui ipsum nisi.','2005-05-07 22:04:35'),
('17','17','17','Quaerat et id optio laboriosam qui omnis voluptate. Aperiam omnis corporis in ipsum voluptas esse ducimus. Et repellat itaque unde laborum repellat dolorem laborum. Minima ducimus suscipit sequi placeat nemo.','2016-02-05 04:23:43'),
('18','18','18','Atque enim modi recusandae neque voluptatum omnis eos. Nobis porro iusto soluta nisi. Molestiae et eaque quibusdam voluptas cumque quasi. Aspernatur repellendus tempore architecto et sapiente.','2012-05-23 23:12:11'),
('19','19','19','Nam consectetur maiores ut dolor eos est quis. Quis voluptatem est fugiat aliquam enim consequuntur. Unde laborum explicabo voluptates.','1973-02-17 15:34:52'),
('20','20','20','Delectus porro praesentium consequatur facilis. Libero quibusdam omnis aspernatur qui quia. Facilis non at iste dolorum.','1975-12-24 23:55:47'),
('21','21','21','Est maiores amet error soluta veniam. Nihil reprehenderit qui ducimus aperiam fuga suscipit earum. Tenetur eius maiores eum. Iste corporis veritatis ut sit.','1976-09-21 05:25:11'),
('22','22','22','Laboriosam corrupti voluptate autem eum temporibus suscipit. Ipsum dolorum repellat assumenda ut ut cumque. Et qui aliquid fugiat velit sed illo. Nulla fugit expedita provident et velit sint est.','2002-04-25 22:54:26'),
('23','23','23','Est voluptates qui ad dolore. A ut molestiae aliquid fuga veritatis dolor voluptatem. Reiciendis sapiente et dolor quo qui.','1994-08-05 18:55:27'),
('24','24','24','Eveniet voluptatibus vel fugiat sapiente. Vel sit natus omnis doloribus quis magnam ut dolor. Cum dolorem et vero nihil assumenda molestiae ea.','1985-06-16 17:34:18'),
('25','25','25','Error porro laudantium voluptates quibusdam odit. Repudiandae sint qui nemo numquam quis repudiandae. Voluptatibus eum numquam laborum minus dolorem consequatur. Sint expedita illum dolor velit consequatur incidunt atque est. A ut magnam id quis et id sapiente.','1996-04-23 21:45:45'),
('26','26','26','Magni libero molestiae rerum voluptas voluptatem et. Laudantium doloribus quia nam autem. Dolores odio dolorem ut voluptates.','1976-04-05 21:56:45'),
('27','27','27','Similique in explicabo ullam fuga odio quia minus. Pariatur ratione aut aut ducimus corporis atque ad. Aliquam molestias iusto iusto quisquam doloribus quia sint.','1979-02-11 16:30:39'),
('28','28','28','Quae veniam et quam laboriosam at. Ea consequatur dolore quo optio cum et dolores. Iste pariatur eum autem eum exercitationem.','1987-06-04 22:23:53'),
('29','29','29','Culpa rerum velit sunt doloremque ut quia. Nobis eum quae voluptates aliquid. A inventore ea fugiat voluptatum. Dolores dicta vitae sit et et recusandae saepe.','1990-07-10 13:44:57'),
('30','30','30','Et nobis magni reiciendis tempora enim est. Et dolorum animi rerum et. Est sapiente aut nobis recusandae et suscipit tempore.','1979-05-30 21:27:30'),
('31','31','31','Aperiam dolor a porro libero occaecati hic. Itaque suscipit eveniet laborum.','2002-01-27 06:09:16'),
('32','32','32','Cupiditate dolor voluptas debitis dolore. A iste pariatur sed consequatur. Laudantium similique dolor numquam aut. A vel totam earum quidem aut sint nesciunt enim.','1984-02-13 14:04:14'),
('33','33','33','Consequuntur et dolorum delectus placeat rerum hic sunt. Impedit quasi animi libero vitae amet. Tenetur officiis eos molestiae est. Dolor recusandae debitis recusandae consequatur repellat est.','1999-08-06 22:45:16'),
('34','34','34','Et molestiae dignissimos deserunt in porro nostrum esse. Tempora eos repellendus voluptate. Provident distinctio est ut perferendis iste.','1976-02-23 12:47:13'),
('35','35','35','Inventore ipsa soluta expedita totam. Et inventore consequatur iure sequi maxime enim. Autem in facilis fugit et.','2003-01-08 21:07:13'),
('36','36','36','Molestiae veritatis cum adipisci qui expedita. Ut dolorum sunt quas. Exercitationem vero sint nihil quis.','2012-07-16 00:54:36'),
('37','37','37','Quisquam beatae accusantium atque quia vitae praesentium. Quod dolores ab qui iste et facere occaecati. Et et eius accusamus nobis fugit repudiandae. Sapiente odit qui quam ut cupiditate itaque.','1980-10-21 02:35:38'),
('38','38','38','Repellendus ipsum ipsa est ab facilis. Mollitia cupiditate perspiciatis minima deserunt voluptatem atque sit.','1996-04-01 12:28:36'),
('39','39','39','Quasi quis ratione aspernatur officia itaque consequatur quo. Sunt eum assumenda nulla cum. Omnis id eos porro tenetur quas non ut omnis.','1970-10-11 00:48:08'),
('40','40','40','Et error provident et iusto velit rem. Maxime ullam expedita asperiores dolor non delectus ducimus. Recusandae culpa qui culpa sit.','1987-11-10 11:15:17'),
('41','41','41','Odit modi ullam atque occaecati qui aut ducimus doloribus. Id et quibusdam ut perspiciatis ut error. Sunt temporibus impedit recusandae dolor modi aut quia.','1978-12-21 04:48:22'),
('42','42','42','Sunt nam illo voluptate est voluptatem. Error ut neque est qui. Et repellat consequatur minus voluptas et et voluptatem.','2011-08-23 15:30:19'),
('43','43','43','Vero et quasi vitae voluptatum alias dolor repudiandae. Est sunt unde sed cupiditate. Quo mollitia quaerat tempora a.','1972-06-30 20:37:00'),
('44','44','44','Possimus repudiandae dolores officiis ducimus architecto laboriosam totam. Voluptas quam tempore reiciendis dignissimos tempore minus. Doloribus tenetur consectetur ut hic qui pariatur facere.','1982-04-26 00:01:04'),
('45','45','45','Architecto esse sunt excepturi quia eos. Velit vel mollitia nam provident. Quas ut quaerat tempore delectus.','2007-07-23 04:51:21'),
('46','46','46','Odit occaecati odio voluptas sint. Occaecati suscipit qui dolores quod aut velit consectetur. Tempora et accusantium iure a laboriosam suscipit quo repellat.','2014-09-20 12:54:49'),
('47','47','47','Velit quia quia non delectus. Vel voluptatem eos quis eos explicabo optio natus. Beatae ex aperiam ea suscipit. Architecto consequatur dolore consectetur mollitia nihil animi voluptas nemo.','1992-02-07 20:55:49'),
('48','48','48','Eveniet fugiat voluptas illo at rerum officiis eveniet. Rerum ut dolores doloremque quas. Voluptas et est aliquid provident voluptas laudantium. Totam aspernatur voluptatum voluptatibus aliquam.','2010-07-12 17:44:48'),
('49','49','49','Cum aut commodi iusto nesciunt rerum. Quo quis quia ut eligendi et ipsum. Rerum sint ex rerum sequi non ipsam. Qui consequatur sed non laudantium vel doloribus.','1994-08-02 08:12:33'),
('50','50','50','Sed consectetur dolor est vel. Repellat in cum ratione. Fugit soluta ullam distinctio esse odio.','2004-07-26 21:44:26'),
('51','51','51','Illo quia occaecati magni odit voluptate. Ab voluptatem omnis culpa dolor reiciendis voluptatum. Sint aut odit qui voluptatem. Quam dolorum deserunt veritatis atque asperiores et repudiandae sequi.','1984-09-26 06:46:58'),
('52','52','52','Fugit totam ipsa nemo sequi similique voluptatum. Aut et blanditiis dolorem fugiat ex quaerat.','1970-10-02 01:30:44'),
('53','53','53','Mollitia beatae delectus et rerum amet. Voluptatum voluptatem porro iusto quis aperiam. Sapiente et odit aut temporibus. Nihil laudantium aliquid consequuntur amet.','2014-04-09 11:38:33'),
('54','54','54','Velit corporis omnis eos aliquid qui sunt deserunt. Sint quod quisquam impedit soluta enim esse cumque. Quibusdam et autem ut labore.','1970-05-19 07:04:58'),
('55','55','55','Nemo impedit sit ut ipsum. Odio rerum aut impedit sunt omnis distinctio.','1976-04-27 18:12:34'),
('56','56','56','Aut dolores natus veritatis quo atque. Nihil debitis possimus cum voluptatem non. Quasi dignissimos numquam reprehenderit saepe id qui pariatur. Expedita dicta porro sunt deserunt nobis perspiciatis.','1994-10-22 00:45:54'),
('57','57','57','Qui cupiditate enim et qui sequi. Expedita non autem ipsa porro. Asperiores architecto nihil omnis voluptas tenetur facilis consequatur. Eaque labore consequatur similique facilis cupiditate impedit.','2015-02-23 00:58:19'),
('58','58','58','Quo perferendis ea nemo nesciunt molestiae corrupti est. Et corrupti fuga tempora. Excepturi ut cumque suscipit odio excepturi quis. Et qui atque sint. Natus voluptas ratione magnam fugiat architecto.','1976-01-16 11:48:27'),
('59','59','59','Vero minima nobis impedit eum autem et consequatur. Et vel quisquam rerum animi ut quibusdam. Est reprehenderit aut hic ut. Officiis expedita laborum magni doloremque.','1972-04-08 20:12:27'),
('60','60','60','Nostrum temporibus delectus necessitatibus. A et quisquam itaque. Molestiae est eos sit odio.','1978-12-27 11:00:11'),
('61','61','61','Possimus et ab ut qui est possimus. Iure illum laborum nisi rerum atque iusto necessitatibus cupiditate. Reprehenderit et laboriosam harum corrupti enim aut. Qui quam architecto cumque consequuntur placeat praesentium ut. Ea ut maxime sed reprehenderit et iure.','1993-08-01 16:47:25'),
('62','62','62','Quasi sint quibusdam natus delectus maxime ab reprehenderit. Eos quos similique beatae aut sed deserunt. Sint tempora libero vel commodi. Perferendis molestias non quam et ut debitis placeat.','1972-10-10 09:38:49'),
('63','63','63','Aut ut ea sit qui repudiandae ad praesentium. Odio omnis rerum expedita iste optio. Natus iure temporibus ut aut quia est voluptatem. Qui adipisci illo quam in iusto ipsum harum. Aliquid rerum consequatur consequatur.','1973-03-19 23:19:18'),
('64','64','64','Eum autem omnis ab voluptatem sint perspiciatis minima. Assumenda doloribus nulla et sint voluptas laborum. Aut numquam deserunt odio aspernatur possimus. Iste non illum quod itaque.','1986-10-01 07:10:48'),
('65','65','65','Dolor nostrum voluptas ea amet quam officiis eveniet. Itaque voluptatem aperiam illo dolorem recusandae molestiae nam. Quasi sapiente harum corporis tempore officia est consequatur.','2006-03-28 20:03:13'),
('66','66','66','Laborum veniam est sunt delectus mollitia eum. Ullam dolorem voluptas nam labore eius ut amet. Omnis illum sed omnis laborum ratione ducimus. Ut rerum consectetur ratione quas.','2019-05-13 09:47:16'),
('67','67','67','Quidem aut vitae voluptas sapiente dolor. Unde eaque beatae quaerat quisquam.','1996-06-13 20:40:59'),
('68','68','68','Accusantium sint quam dolorem rerum odio. Quam ea eos et. Id aut animi repellat itaque quo voluptas. Omnis placeat magni voluptatem.','1981-05-23 21:02:41'),
('69','69','69','Sunt tempora voluptas in molestiae consequatur veritatis. Ipsum dolorum reprehenderit temporibus. Non quibusdam quas eos deserunt libero optio sit rerum.','1985-03-19 04:03:48'),
('70','70','70','Iste consequuntur debitis voluptatem aut dolorem. Non non ipsum nihil dignissimos. Hic molestias voluptas eaque culpa aliquid. Culpa voluptatem consequatur iure iure modi omnis animi dolorum.','2008-01-20 21:17:31'),
('71','71','71','Sed enim animi labore alias. Cupiditate porro ratione officiis excepturi. Qui consequuntur temporibus quo non accusamus voluptatem sit.','2001-01-02 05:15:30'),
('72','72','72','Quo molestias cumque eum. Voluptatem est itaque optio quas nemo inventore quaerat. Quos sit accusamus magni qui consequuntur.','1973-03-04 12:11:10'),
('73','73','73','Provident minus laudantium quod vel voluptate. Reprehenderit alias provident occaecati ab nam incidunt. Ipsum maxime aut amet inventore iusto voluptatem. Facere qui autem aut voluptatem aliquid ipsa.','2011-10-23 21:54:40'),
('74','74','74','Repudiandae ratione excepturi similique recusandae quo aut vero. Odio sit porro officiis. Qui qui ullam blanditiis et aut eius voluptas. Et voluptate molestiae et voluptas omnis. Autem ut fugiat laborum nam minus dolor ea.','2017-11-21 14:46:32'),
('75','75','75','Et maxime numquam similique ut explicabo praesentium. Non quo est accusamus sunt sint. Laudantium aspernatur porro explicabo veniam et maiores sint. Dolorum fuga natus sed nisi.','2011-07-14 02:25:10'),
('76','76','76','Repellendus quia possimus temporibus molestiae numquam culpa quibusdam. Earum non doloribus aliquid. Est quis qui repellat maxime. Quos qui est atque iusto voluptas enim aut ad.','1972-03-22 09:21:57'),
('77','77','77','Accusamus rerum molestiae non. Praesentium et tempora error molestiae. Labore itaque voluptatem porro dolorem voluptatem animi. Dolorem enim et aut error possimus repudiandae non. Totam ut voluptatem modi velit non vel.','1987-08-10 20:29:35'),
('78','78','78','Voluptas tempora voluptas autem voluptas nostrum. Aliquam velit cum expedita repudiandae molestias sunt quam. Minima in sit veritatis. Cum sunt assumenda sit aspernatur.','2015-07-18 00:18:42'),
('79','79','79','Iste ullam sequi doloribus ipsum provident. Sed aut quos modi eius eligendi. Exercitationem et placeat perferendis. Odio quis porro nostrum vero.','2008-04-18 23:46:07'),
('80','80','80','Blanditiis laboriosam ad quod. Exercitationem architecto autem repudiandae. Quasi inventore in aut ducimus vero culpa asperiores maiores.','2008-09-06 01:20:47'),
('81','81','81','Doloremque error quis quas dolor et accusamus dolor. Qui provident dolorem aliquam inventore. Illum eaque perspiciatis quia totam nostrum enim dolorum voluptatem. Quam aliquid in temporibus voluptatem quisquam. Error facilis ut minus dolorem omnis nihil omnis.','2005-04-03 14:15:59'),
('82','82','82','Sed quo in omnis commodi libero occaecati voluptatem. Occaecati ipsam libero consequuntur et ab. Eum maxime esse molestiae impedit odit molestiae consectetur sit. Corrupti molestiae perspiciatis tempora odit molestiae dolorum nihil.','1994-04-08 09:28:52'),
('83','83','83','Tempore mollitia et omnis laboriosam nihil. Nulla dolore eius quia sint. Saepe consequatur explicabo ea corporis delectus dolores.','2006-05-11 02:09:45'),
('84','84','84','Qui alias voluptatem dolore nisi. Excepturi ea corrupti cumque quod velit et nihil.','2014-08-18 09:27:35'),
('85','85','85','Eaque enim enim et est est aliquam debitis. Placeat culpa eum itaque consequatur. Aut quod temporibus doloremque et. Aut itaque suscipit expedita cum quia velit atque quasi.','2012-07-30 12:54:45'),
('86','86','86','Quas modi dolorum in soluta quos et perspiciatis. Maiores officiis adipisci tempora magnam numquam numquam. Hic nam est est asperiores. Ullam asperiores numquam excepturi quidem incidunt quam.','1991-03-02 00:25:10'),
('87','87','87','Excepturi ipsam accusantium necessitatibus voluptatem dolores numquam. Natus harum necessitatibus velit et molestias assumenda eos. Quas quae cumque sed repellendus repudiandae ut consequuntur. Nihil impedit et dolor ut vitae architecto nesciunt.','2016-03-23 16:14:49'),
('88','88','88','Ex nam animi est et sunt sunt qui non. Et aut laborum ipsa non laborum cumque. Excepturi rerum quis et iure soluta dolorem quia. Earum et mollitia nihil qui eius voluptas.','1995-08-13 12:15:18'),
('89','89','89','Et commodi et aut est ipsam. Enim et est ducimus deserunt voluptatum quis libero voluptates. Quia eum at repellendus incidunt corporis optio incidunt. Sed doloribus aut iste totam dolore esse.','1977-05-27 18:04:29'),
('90','90','90','Hic voluptatem et maxime maiores hic hic. Ipsa quasi consequatur dolores quod soluta. Deleniti laborum non vero dolores. Eos odio voluptatem ut voluptatum ut.','1970-09-06 06:12:12'),
('91','91','91','Voluptas est dolorem aut. Esse quas pariatur maxime vel rem facere non. Excepturi aut omnis quae sunt fuga. Sint eum et eveniet.','1970-08-15 17:06:15'),
('92','92','92','Aliquam totam ex enim aut aut. Omnis accusantium et illo quidem autem commodi sed. Dolores soluta voluptatem harum numquam placeat quasi laboriosam. Numquam et totam voluptate quas neque voluptatem.','2013-03-25 10:01:58'),
('93','93','93','Qui quia est minima. Repellendus explicabo assumenda consequatur explicabo. Nihil error id voluptatem porro consequuntur ratione. Tempore modi eos qui dolore quis voluptatem. Voluptatem molestiae iusto eum qui perspiciatis veniam cumque dolores.','2015-02-02 08:21:49'),
('94','94','94','Et quasi culpa atque animi voluptas aut maiores. Unde eius numquam tempore est id incidunt deleniti. Sunt sit et commodi eos quae. Quas repellat ducimus qui rerum eum qui.','1996-06-01 22:36:41'),
('95','95','95','Et quia consequatur est enim. Architecto impedit aut eius aut. Aliquam alias fugiat architecto molestiae a. Maiores alias est omnis architecto voluptates eius.','1984-07-14 14:47:32'),
('96','96','96','Labore accusamus odio nam ad enim. Aliquam beatae laborum qui autem. Placeat voluptatem dignissimos adipisci illo laudantium soluta eum. Temporibus id sed assumenda ea necessitatibus.','1980-08-30 09:24:22'),
('97','97','97','Nam rerum consequatur rem a eum velit sit repellendus. Ut iure et odit sit. Consequuntur animi placeat nam recusandae fugit iusto et.','2014-06-02 19:33:36'),
('98','98','98','Dolorem aut qui et sunt culpa non tenetur saepe. Quae qui magni reprehenderit est quo reiciendis. Ipsum est ex eveniet maxime et iure.','1999-04-20 12:40:09'),
('99','99','99','Perferendis natus enim optio rerum. Veritatis at incidunt officiis corporis perspiciatis natus. Maxime aspernatur eius qui asperiores et qui quia sequi. Rerum hic sunt maiores quasi.','1981-11-28 11:46:18'),
('100','100','100','Assumenda aut laborum libero repudiandae voluptas totam. Ullam odio rem vero perferendis possimus nulla. Voluptas deleniti voluptatem et vel quia nemo. Ipsa delectus nesciunt maiores vel consequatur.','1998-04-13 12:12:54'); 


DROP TABLE IF EXISTS `photo_albums`;
CREATE TABLE `photo_albums` (
  `id` bigint(20) unsigned NOT NULL AUTO_INCREMENT,
  `name` varchar(255) COLLATE utf8_unicode_ci DEFAULT NULL,
  `user_id` bigint(20) unsigned DEFAULT NULL,
  PRIMARY KEY (`id`),
  UNIQUE KEY `id` (`id`),
  KEY `user_id` (`user_id`),
  CONSTRAINT `photo_albums_ibfk_1` FOREIGN KEY (`user_id`) REFERENCES `users` (`id`)
) ENGINE=InnoDB AUTO_INCREMENT=101 DEFAULT CHARSET=utf8 COLLATE=utf8_unicode_ci;

INSERT INTO `photo_albums` VALUES ('1','quaerat','1'),
('2','sequi','2'),
('3','harum','3'),
('4','consequuntur','4'),
('5','exercitationem','5'),
('6','temporibus','6'),
('7','natus','7'),
('8','quis','8'),
('9','deleniti','9'),
('10','modi','10'),
('11','ut','11'),
('12','qui','12'),
('13','est','13'),
('14','veniam','14'),
('15','tempore','15'),
('16','ratione','16'),
('17','quisquam','17'),
('18','consequatur','18'),
('19','voluptas','19'),
('20','nemo','20'),
('21','sunt','21'),
('22','quia','22'),
('23','id','23'),
('24','perferendis','24'),
('25','suscipit','25'),
('26','provident','26'),
('27','laboriosam','27'),
('28','maxime','28'),
('29','consequatur','29'),
('30','quidem','30'),
('31','autem','31'),
('32','mollitia','32'),
('33','eum','33'),
('34','odit','34'),
('35','vel','35'),
('36','eos','36'),
('37','eos','37'),
('38','placeat','38'),
('39','magni','39'),
('40','tempora','40'),
('41','quasi','41'),
('42','dolores','42'),
('43','nostrum','43'),
('44','et','44'),
('45','eveniet','45'),
('46','provident','46'),
('47','neque','47'),
('48','voluptatem','48'),
('49','laudantium','49'),
('50','numquam','50'),
('51','laboriosam','51'),
('52','nemo','52'),
('53','quis','53'),
('54','pariatur','54'),
('55','qui','55'),
('56','consequuntur','56'),
('57','repellat','57'),
('58','sint','58'),
('59','ut','59'),
('60','a','60'),
('61','pariatur','61'),
('62','ad','62'),
('63','aut','63'),
('64','vel','64'),
('65','quos','65'),
('66','dolore','66'),
('67','unde','67'),
('68','consequatur','68'),
('69','rerum','69'),
('70','et','70'),
('71','dicta','71'),
('72','accusamus','72'),
('73','consequatur','73'),
('74','id','74'),
('75','rerum','75'),
('76','fugit','76'),
('77','nesciunt','77'),
('78','enim','78'),
('79','id','79'),
('80','similique','80'),
('81','iure','81'),
('82','amet','82'),
('83','perspiciatis','83'),
('84','modi','84'),
('85','totam','85'),
('86','et','86'),
('87','delectus','87'),
('88','ipsam','88'),
('89','dolorem','89'),
('90','consequuntur','90'),
('91','sed','91'),
('92','et','92'),
('93','tempore','93'),
('94','odio','94'),
('95','non','95'),
('96','occaecati','96'),
('97','facilis','97'),
('98','quidem','98'),
('99','et','99'),
('100','expedita','100'); 


DROP TABLE IF EXISTS `photos`;
CREATE TABLE `photos` (
  `id` bigint(20) unsigned NOT NULL AUTO_INCREMENT,
  `album_id` bigint(20) unsigned NOT NULL,
  `media_id` bigint(20) unsigned NOT NULL,
  PRIMARY KEY (`id`),
  KEY `album_id` (`album_id`),
  KEY `media_id` (`media_id`),
  CONSTRAINT `photos_ibfk_1` FOREIGN KEY (`album_id`) REFERENCES `photo_albums` (`id`),
  CONSTRAINT `photos_ibfk_2` FOREIGN KEY (`media_id`) REFERENCES `media` (`id`)
) ENGINE=InnoDB AUTO_INCREMENT=101 DEFAULT CHARSET=utf8 COLLATE=utf8_unicode_ci;

INSERT INTO `photos` VALUES ('1','1','1'),
('2','2','2'),
('3','3','3'),
('4','4','4'),
('5','5','5'),
('6','6','6'),
('7','7','7'),
('8','8','8'),
('9','9','9'),
('10','10','10'),
('11','11','11'),
('12','12','12'),
('13','13','13'),
('14','14','14'),
('15','15','15'),
('16','16','16'),
('17','17','17'),
('18','18','18'),
('19','19','19'),
('20','20','20'),
('21','21','21'),
('22','22','22'),
('23','23','23'),
('24','24','24'),
('25','25','25'),
('26','26','26'),
('27','27','27'),
('28','28','28'),
('29','29','29'),
('30','30','30'),
('31','31','31'),
('32','32','32'),
('33','33','33'),
('34','34','34'),
('35','35','35'),
('36','36','36'),
('37','37','37'),
('38','38','38'),
('39','39','39'),
('40','40','40'),
('41','41','41'),
('42','42','42'),
('43','43','43'),
('44','44','44'),
('45','45','45'),
('46','46','46'),
('47','47','47'),
('48','48','48'),
('49','49','49'),
('50','50','50'),
('51','51','51'),
('52','52','52'),
('53','53','53'),
('54','54','54'),
('55','55','55'),
('56','56','56'),
('57','57','57'),
('58','58','58'),
('59','59','59'),
('60','60','60'),
('61','61','61'),
('62','62','62'),
('63','63','63'),
('64','64','64'),
('65','65','65'),
('66','66','66'),
('67','67','67'),
('68','68','68'),
('69','69','69'),
('70','70','70'),
('71','71','71'),
('72','72','72'),
('73','73','73'),
('74','74','74'),
('75','75','75'),
('76','76','76'),
('77','77','77'),
('78','78','78'),
('79','79','79'),
('80','80','80'),
('81','81','81'),
('82','82','82'),
('83','83','83'),
('84','84','84'),
('85','85','85'),
('86','86','86'),
('87','87','87'),
('88','88','88'),
('89','89','89'),
('90','90','90'),
('91','91','91'),
('92','92','92'),
('93','93','93'),
('94','94','94'),
('95','95','95'),
('96','96','96'),
('97','97','97'),
('98','98','98'),
('99','99','99'),
('100','100','100'); 


DROP TABLE IF EXISTS `profiles`;
CREATE TABLE `profiles` (
  `user_id` bigint(20) unsigned NOT NULL AUTO_INCREMENT,
  `gender` enum('','') COLLATE utf8_unicode_ci DEFAULT NULL,
  `birthday` date DEFAULT NULL,
  `photo_id` bigint(20) unsigned DEFAULT NULL,
  `created_at` datetime DEFAULT current_timestamp(),
  `hometown` varchar(100) COLLATE utf8_unicode_ci DEFAULT NULL,
  `is_active` tinyint(1) DEFAULT 0,
  PRIMARY KEY (`user_id`),
  CONSTRAINT `profiles_ibfk_1` FOREIGN KEY (`user_id`) REFERENCES `users` (`id`) ON UPDATE CASCADE
) ENGINE=InnoDB AUTO_INCREMENT=101 DEFAULT CHARSET=utf8 COLLATE=utf8_unicode_ci;

INSERT INTO `profiles` VALUES ('1','','2019-06-01','1','1972-06-08 21:37:41','','1'),
('2','','1985-01-29','2','1996-01-06 08:49:39','Gleichnermouth','1'),
('3','','1971-01-12','3','2001-08-22 07:13:03','Keagantown','1'),
('4','','1999-06-07','4','2007-09-10 09:42:27','Hudsonport','1'),
('5','','1983-10-22','5','1984-07-23 17:17:26','','0'),
('6','','1987-09-25','6','1971-03-23 09:10:17','Howardfort','1'),
('7','','1985-08-08','7','2003-10-07 01:31:05','Port Neomachester','0'),
('8','','2013-06-10','8','2003-01-01 15:34:13','','1'),
('9','','2003-01-31','9','1974-04-05 11:24:09','','1'),
('10','','2011-02-08','10','2008-04-02 16:56:50','','0'),
('11','','2013-02-22','11','2003-09-08 13:30:13','','0'),
('12','','2008-06-17','12','1980-10-02 17:56:25','','1'),
('13','','1973-12-28','13','1982-08-08 00:50:04','','0'),
('14','','2001-08-03','14','1992-04-07 06:17:13','','1'),
('15','','1987-10-01','15','1990-11-11 16:46:41','Cortneyfort','0'),
('16','','2012-10-30','16','1980-04-16 20:06:55','North Elton','1'),
('17','','2004-08-25','17','2012-10-20 22:39:10','Nikolausmouth','0'),
('18','','2019-04-29','18','1977-03-14 13:11:57','South Jonatanmouth','1'),
('19','','2006-10-17','19','2012-02-03 14:56:42','','1'),
('20','','2015-12-25','20','1992-09-14 23:08:29','','0'),
('21','','1994-02-17','21','2012-02-19 02:18:09','','0'),
('22','','1983-09-01','22','1999-06-15 00:21:38','','1'),
('23','','1978-06-23','23','1979-05-31 01:46:08','','0'),
('24','','2009-10-12','24','1979-04-23 16:54:50','','0'),
('25','','1996-08-28','25','1982-11-24 17:41:28','North Felicitaport','0'),
('26','','1987-05-21','26','1999-03-05 02:47:11','','1'),
('27','','1976-06-01','27','1996-01-09 18:19:25','','1'),
('28','','1989-03-11','28','1983-04-25 02:08:29','Brennantown','0'),
('29','','1998-06-29','29','1988-03-21 12:23:56','','0'),
('30','','2015-04-15','30','2001-01-05 10:04:07','','0'),
('31','','1974-02-26','31','1983-04-23 20:28:52','','1'),
('32','','1993-03-10','32','1973-12-03 17:05:33','','0'),
('33','','1986-12-19','33','1987-01-30 09:46:27','Lake Carmelborough','1'),
('34','','1983-11-10','34','1992-09-21 22:14:52','Mayberg','0'),
('35','','2003-02-26','35','2005-07-05 02:26:52','Port Granvillestad','0'),
('36','','1999-11-04','36','1982-11-26 16:15:38','','1'),
('37','','1978-08-20','37','1988-03-19 07:59:33','','0'),
('38','','2009-04-15','38','2010-08-25 14:13:47','Koeppville','0'),
('39','','1997-03-13','39','1973-01-10 11:16:43','','0'),
('40','','2004-01-01','40','2004-01-29 08:12:12','','1'),
('41','','1980-01-30','41','1983-08-15 12:38:40','Paucekmouth','1'),
('42','','2014-12-18','42','1973-02-16 23:41:23','North Dejah','0'),
('43','','1998-08-07','43','1974-02-08 07:55:46','','1'),
('44','','2001-10-28','44','1985-02-02 11:06:36','New Rosemaryfort','0'),
('45','','2003-02-22','45','1988-09-18 16:34:14','North Laverneside','0'),
('46','','1986-11-09','46','1998-02-19 03:21:56','Lake Skyla','1'),
('47','','1989-12-18','47','1980-04-06 09:17:49','','0'),
('48','','1974-12-09','48','1982-09-26 11:47:51','','1'),
('49','','2015-09-17','49','1984-10-10 16:47:02','Lake Samir','0'),
('50','','2018-05-06','50','2013-12-27 11:10:57','','1'),
('51','','1979-01-31','51','1994-03-08 04:01:54','Kesslermouth','0'),
('52','','1989-09-26','52','2013-01-04 13:14:55','','0'),
('53','','1971-03-16','53','1977-02-13 07:58:39','','1'),
('54','','1977-10-10','54','1972-09-05 01:51:21','Ezequielville','0'),
('55','','2011-04-03','55','1977-01-17 07:24:15','','1'),
('56','','1971-05-23','56','1987-04-18 09:17:25','Kovacekberg','0'),
('57','','2011-01-07','57','1989-04-09 16:43:29','','0'),
('58','','1998-06-28','58','1994-11-09 05:23:36','','0'),
('59','','2011-10-04','59','1992-02-20 04:19:30','South Roryberg','0'),
('60','','1975-10-15','60','1986-06-30 09:00:30','','1'),
('61','','2003-02-23','61','2003-05-31 10:36:04','','1'),
('62','','1999-06-15','62','1983-11-21 04:21:50','','0'),
('63','','1994-07-28','63','1973-07-01 18:15:24','Macieview','1'),
('64','','1985-09-16','64','1977-01-17 10:16:14','Greenmouth','0'),
('65','','2012-05-17','65','2019-10-08 03:56:59','','0'),
('66','','1987-09-06','66','1997-05-24 15:26:16','','0'),
('67','','1984-06-29','67','1996-11-25 14:51:52','','1'),
('68','','1971-12-10','68','1998-02-25 20:13:17','West Salmahaven','1'),
('69','','1983-07-12','69','2017-12-28 03:04:43','East Joelleport','1'),
('70','','1995-01-27','70','1988-08-16 09:41:26','Kulaschester','1'),
('71','','1978-07-24','71','1978-02-11 06:00:51','','1'),
('72','','2000-06-07','72','1999-03-04 04:36:24','','1'),
('73','','2011-09-25','73','2011-11-08 17:39:29','','1'),
('74','','2000-01-29','74','1989-11-10 12:45:20','','0'),
('75','','1980-08-18','75','2013-06-10 09:52:18','East Adrielstad','1'),
('76','','1984-08-07','76','2002-07-25 12:39:41','','1'),
('77','','1989-07-08','77','1989-09-15 15:44:00','','1'),
('78','','2016-06-06','78','2008-09-29 06:47:44','Hettingerbury','1'),
('79','','1993-08-12','79','1982-11-24 17:00:09','','1'),
('80','','2014-01-01','80','2008-02-14 02:26:49','North Ilenestad','1'),
('81','','1996-10-19','81','1983-04-03 16:53:39','','0'),
('82','','1999-05-10','82','1980-12-20 04:16:41','','0'),
('83','','1977-04-19','83','1973-03-26 14:06:02','Curtfort','1'),
('84','','1994-08-20','84','1995-12-31 10:52:18','East Rosalyn','1'),
('85','','1991-12-27','85','2015-12-15 21:35:31','Port Sidview','1'),
('86','','1997-04-30','86','2016-09-07 13:39:04','Gaylordland','1'),
('87','','1977-09-27','87','1972-06-22 05:16:33','','0'),
('88','','2000-02-07','88','2001-01-02 13:28:41','North Ronmouth','0'),
('89','','1990-11-22','89','2002-12-12 19:08:10','','1'),
('90','','2001-01-15','90','1982-03-26 17:31:55','West Marilyne','0'),
('91','','1986-12-10','91','1979-04-16 01:38:00','','0'),
('92','','2009-06-03','92','2000-05-22 22:44:53','','1'),
('93','','1978-03-12','93','2009-04-28 03:49:46','Lake Lamarton','0'),
('94','','1974-10-16','94','1998-05-05 09:08:44','','1'),
('95','','1972-06-09','95','2005-12-04 11:26:55','','1'),
('96','','2006-08-24','96','2007-01-01 04:26:26','Lake Claudshire','0'),
('97','','2019-05-22','97','1993-01-27 11:55:11','','0'),
('98','','1970-01-25','98','1982-03-26 05:11:59','','0'),
('99','','2014-11-29','99','2016-05-13 23:09:35','Kentonchester','0'),
('100','','1981-08-02','100','2009-08-21 23:35:05','','1'); 


DROP TABLE IF EXISTS `users`;
CREATE TABLE `users` (
  `id` bigint(20) unsigned NOT NULL AUTO_INCREMENT,
  `firstname` varchar(50) COLLATE utf8_unicode_ci DEFAULT NULL,
  `lastname` varchar(50) COLLATE utf8_unicode_ci DEFAULT NULL COMMENT '',
  `email` varchar(120) COLLATE utf8_unicode_ci DEFAULT NULL,
  `phone` varchar(12) COLLATE utf8_unicode_ci DEFAULT NULL,
  PRIMARY KEY (`id`),
  UNIQUE KEY `email` (`email`),
  KEY `users_phone_idx` (`phone`),
  KEY `users_firstname_lastname_idx` (`firstname`,`lastname`)
) ENGINE=InnoDB AUTO_INCREMENT=101 DEFAULT CHARSET=utf8 COLLATE=utf8_unicode_ci;

INSERT INTO `users` VALUES ('1','Ocie','Walsh','shanie58@example.org','312.576.7548'),
('2','Emmy','Ratke','lysanne.abbott@example.com',''),
('3','Riley','D\'Amore','brendon.bradtke@example.com','(860)430-690'),
('4','Curt','Jones','chase.stamm@example.com',''),
('5','Marjolaine','Schroeder','cary16@example.com',''),
('6','Priscilla','Strosin','deborah11@example.com','1-673-538-40'),
('7','Elwyn','Huel','pollich.kobe@example.net','(792)709-938'),
('8','Darrel','Pfannerstill','neha.wehner@example.com',''),
('9','Albert','Green','ypadberg@example.org',''),
('10','Brooks','Stroman','will.litzy@example.com','+97(6)014153'),
('11','Vidal','Pouros','eda66@example.net',''),
('12','Felicia','Beier','wisoky.larry@example.org',''),
('13','Ryann','Padberg','vivianne.altenwerth@example.net',''),
('14','Nelle','Hegmann','dach.willow@example.net',''),
('15','Esther','Romaguera','haley.hudson@example.org',''),
('16','Priscilla','Vandervort','arippin@example.com','948-097-1157'),
('17','Andre','Walter','utreutel@example.net',''),
('18','Jaylen','Schinner','darrin39@example.net',''),
('19','Santos','Heidenreich','kayley26@example.com',''),
('20','Alexandre','Kuphal','tito80@example.org','+73(2)055621'),
('21','Dax','Frami','elnora08@example.net','149-097-4102'),
('22','Emmalee','Russel','zreynolds@example.com','1-248-710-98'),
('23','Diego','Gleichner','alvera18@example.net','(415)616-846'),
('24','Kitty','Waelchi','vergie19@example.org','643.121.9093'),
('25','Pink','Hansen','ortiz.theo@example.com',''),
('26','Elenora','Spencer','mpurdy@example.org',''),
('27','Neil','Conroy','bjohnson@example.net','937.493.2583'),
('28','Tomas','Harber','qjaskolski@example.com','1-529-012-71'),
('29','Casimir','Cruickshank','maximilian92@example.org','824.576.7075'),
('30','Ethan','Predovic','jarrell54@example.com',''),
('31','Roscoe','Rohan','felicity31@example.net',''),
('32','Ezequiel','Green','yrolfson@example.org',''),
('33','Roosevelt','Hyatt','shirthe@example.net','689.074.6648'),
('34','Gianni','Lebsack','tbraun@example.com',''),
('35','Corine','Herman','carolanne.durgan@example.net',''),
('36','Giles','Lemke','hwalsh@example.org','426-617-1036'),
('37','Carli','Keebler','nestor.runolfsson@example.org','423-847-8479'),
('38','Arlie','McKenzie','vharvey@example.org',''),
('39','Clementina','Sporer','jarred81@example.org','(651)403-508'),
('40','Felicity','Waelchi','kemmer.lorenz@example.org',''),
('41','Buck','Tromp','daugherty.madisyn@example.com',''),
('42','Percy','Oberbrunner','lynch.lavon@example.net',''),
('43','Everett','Bernhard','oschowalter@example.org','500.039.6819'),
('44','Allie','Bartell','hodkiewicz.jan@example.net','1-075-315-95'),
('45','Ronny','Bailey','llewellyn.morar@example.org','1-503-047-82'),
('46','Allen','Kutch','anika23@example.org','968-877-3534'),
('47','Sarah','Schaden','pfannerstill.selena@example.org',''),
('48','Annalise','Howe','carlie.wunsch@example.com','135.457.9714'),
('49','Keenan','Mills','osinski.grayson@example.net',''),
('50','Elvie','Lowe','ofisher@example.com','538.942.5982'),
('51','Kassandra','Nienow','ofarrell@example.net','1-715-390-83'),
('52','Floyd','Rogahn','vo\'hara@example.org',''),
('53','Aida','Waters','grimes.merritt@example.net',''),
('54','Greyson','Trantow','ro\'hara@example.org','143-213-5825'),
('55','Chelsey','O\'Reilly','bosco.demarco@example.org','(462)378-536'),
('56','Elroy','Ebert','xgerlach@example.com','+62(5)804374'),
('57','Teresa','Bernhard','johann.rice@example.net','325-347-6057'),
('58','Zane','Beatty','tcrona@example.net','(500)388-713'),
('59','Linda','Smitham','rath.lavinia@example.net','241.072.5590'),
('60','Dallas','Cruickshank','whitney76@example.com','1-987-531-46'),
('61','Aron','Schulist','ybednar@example.net','+51(0)906423'),
('62','Modesta','Fay','casper.beverly@example.com',''),
('63','Sherman','Berge','mohr.augusta@example.net',''),
('64','Antonina','Friesen','bbartell@example.org','(808)234-571'),
('65','Carleton','Lockman','homenick.miles@example.com','(084)691-969'),
('66','Sherman','Abbott','towne.osborne@example.org','1-562-826-32'),
('67','Gavin','Goyette','jaeden01@example.org',''),
('68','Arnulfo','Towne','dledner@example.net',''),
('69','Susanna','Bauch','kunze.ahmad@example.net',''),
('70','Jackson','Haag','john53@example.net',''),
('71','Shaylee','Littel','xreinger@example.org',''),
('72','Walter','Beer','mraz.kellie@example.net',''),
('73','Helene','Schamberger','oliver84@example.com',''),
('74','Keshaun','Brakus','candelario.o\'reilly@example.org',''),
('75','Lori','Nitzsche','heidenreich.erling@example.net','(078)925-727'),
('76','Demetris','Erdman','timothy.ziemann@example.net','476.978.1112'),
('77','Nils','Dibbert','graham.carmela@example.com','336.982.4589'),
('78','Rebecca','Schulist','akoch@example.com',''),
('79','Amely','Bins','kendrick76@example.org',''),
('80','Winfield','Kiehn','igoldner@example.com','(565)942-580'),
('81','Katrina','Wilkinson','sbatz@example.org','546.741.4869'),
('82','Aaron','Lehner','miller.mayert@example.org',''),
('83','Stephanie','Little','jewel.pouros@example.org',''),
('84','Ethan','Ritchie','belle.rogahn@example.net',''),
('85','Alek','Tromp','adam.huels@example.com',''),
('86','Dortha','Yundt','marlon41@example.com',''),
('87','Elta','Kassulke','crooks.anahi@example.com','045.895.9098'),
('88','Tevin','Moen','jamil.ledner@example.org','04108011148'),
('89','Rahul','Marquardt','maryse.rogahn@example.com','(128)564-313'),
('90','Mayra','Weissnat','russel.spencer@example.com','(373)333-236'),
('91','Jordan','Hirthe','francis.hegmann@example.org',''),
('92','Trenton','Doyle','qwalker@example.net','(148)644-697'),
('93','Anastasia','Koch','west.mathilde@example.net',''),
('94','Vanessa','O\'Keefe','ratke.guido@example.org','(672)731-118'),
('95','Josh','Kovacek','valentine.krajcik@example.net',''),
('96','Alva','Kihn','verona.lind@example.net','1-371-488-77'),
('97','River','Hessel','friesen.jonatan@example.org',''),
('98','Stefan','Jacobson','luz.lebsack@example.net','920-458-9378'),
('99','Aracely','Franecki','clint.moen@example.org',''),
('100','Shanel','West','alemke@example.com',''); 


DROP TABLE IF EXISTS `users_communities`;
CREATE TABLE `users_communities` (
  `user_id` bigint(20) unsigned NOT NULL,
  `community_id` bigint(20) unsigned NOT NULL,
  PRIMARY KEY (`user_id`,`community_id`),
  KEY `community_id` (`community_id`),
  CONSTRAINT `users_communities_ibfk_1` FOREIGN KEY (`user_id`) REFERENCES `users` (`id`),
  CONSTRAINT `users_communities_ibfk_2` FOREIGN KEY (`community_id`) REFERENCES `communities` (`id`)
) ENGINE=InnoDB DEFAULT CHARSET=utf8 COLLATE=utf8_unicode_ci;

INSERT INTO `users_communities` VALUES ('1','1'),
('2','2'),
('3','3'),
('4','4'),
('5','5'),
('6','6'),
('7','7'),
('8','8'),
('9','9'),
('10','10'),
('11','11'),
('12','12'),
('13','13'),
('14','14'),
('15','15'),
('16','16'),
('17','17'),
('18','18'),
('19','19'),
('20','20'),
('21','1'),
('22','2'),
('23','3'),
('24','4'),
('25','5'),
('26','6'),
('27','7'),
('28','8'),
('29','9'),
('30','10'),
('31','11'),
('32','12'),
('33','13'),
('34','14'),
('35','15'),
('36','16'),
('37','17'),
('38','18'),
('39','19'),
('40','20'),
('41','1'),
('42','2'),
('43','3'),
('44','4'),
('45','5'),
('46','6'),
('47','7'),
('48','8'),
('49','9'),
('50','10'),
('51','11'),
('52','12'),
('53','13'),
('54','14'),
('55','15'),
('56','16'),
('57','17'),
('58','18'),
('59','19'),
('60','20'),
('61','1'),
('62','2'),
('63','3'),
('64','4'),
('65','5'),
('66','6'),
('67','7'),
('68','8'),
('69','9'),
('70','10'),
('71','11'),
('72','12'),
('73','13'),
('74','14'),
('75','15'),
('76','16'),
('77','17'),
('78','18'),
('79','19'),
('80','20'),
('81','1'),
('82','2'),
('83','3'),
('84','4'),
('85','5'),
('86','6'),
('87','7'),
('88','8'),
('89','9'),
('90','10'),
('91','11'),
('92','12'),
('93','13'),
('94','14'),
('95','15'),
('96','16'),
('97','17'),
('98','18'),
('99','19'),
('100','20'); 




/*!40101 SET SQL_MODE=@OLD_SQL_MODE */;
/*!40014 SET FOREIGN_KEY_CHECKS=@OLD_FOREIGN_KEY_CHECKS */;
/*!40014 SET UNIQUE_CHECKS=@OLD_UNIQUE_CHECKS */;
/*!40101 SET CHARACTER_SET_CLIENT=@OLD_CHARACTER_SET_CLIENT */;
/*!40101 SET CHARACTER_SET_RESULTS=@OLD_CHARACTER_SET_RESULTS */;
/*!40101 SET COLLATION_CONNECTION=@OLD_COLLATION_CONNECTION */;
/*!40111 SET SQL_NOTES=@OLD_SQL_NOTES */;

