-- Generation time: Mon, 25 Nov 2019 10:56:27 +0000
-- Host: mysql.hostinger.ro
-- DB name: u574849695_19
/*!40030 SET NAMES UTF8 */;
/*!40101 SET @OLD_CHARACTER_SET_CLIENT=@@CHARACTER_SET_CLIENT */;
/*!40101 SET @OLD_CHARACTER_SET_RESULTS=@@CHARACTER_SET_RESULTS */;
/*!40101 SET @OLD_COLLATION_CONNECTION=@@COLLATION_CONNECTION */;
/*!40103 SET @OLD_TIME_ZONE=@@TIME_ZONE */;
/*!40103 SET TIME_ZONE='+00:00' */;
/*!40014 SET @OLD_UNIQUE_CHECKS=@@UNIQUE_CHECKS, UNIQUE_CHECKS=0 */;
/*!40014 SET @OLD_FOREIGN_KEY_CHECKS=@@FOREIGN_KEY_CHECKS, FOREIGN_KEY_CHECKS=0 */;
/*!40101 SET @OLD_SQL_MODE=@@SQL_MODE, SQL_MODE='NO_AUTO_VALUE_ON_ZERO' */;
/*!40111 SET @OLD_SQL_NOTES=@@SQL_NOTES, SQL_NOTES=0 */;

DROP TABLE IF EXISTS catalogs;
CREATE TABLE catalogs (
  id SERIAL PRIMARY KEY,
  name VARCHAR(255) COMMENT 'Название раздела',
  UNIQUE unique_name(name(10))
) COMMENT = 'Разделы интернет-магазина';

INSERT INTO catalogs (name) values
  ('Процессоры'),
  ('Мат.платы'),
  ('Видеокарты');

DROP TABLE IF EXISTS cat;
CREATE TABLE cat (
  id SERIAL PRIMARY KEY,
  name VARCHAR(255)
);

INSERT INTO
  cat
SELECT
  *
FROM
  catalogs;
SELECT * FROM cat;


DROP TABLE IF EXISTS `discounts`;
CREATE TABLE `discounts` (
  `id` bigint(20) unsigned NOT NULL AUTO_INCREMENT,
  `user_id` int(10) unsigned DEFAULT NULL,
  `product_id` int(10) unsigned DEFAULT NULL,
  `discount` float unsigned DEFAULT NULL COMMENT 'Величина скидки от 0.0 до 1.0',
  `started_at` datetime DEFAULT NULL,
  `finished_at` datetime DEFAULT NULL,
  `created_at` datetime DEFAULT current_timestamp(),
  `updated_at` datetime DEFAULT current_timestamp() ON UPDATE current_timestamp(),
  PRIMARY KEY (`id`),
  KEY `index_of_user_id` (`user_id`),
  KEY `index_of_product_id` (`product_id`)
) ENGINE=InnoDB AUTO_INCREMENT=11 DEFAULT CHARSET=utf8 COLLATE=utf8_unicode_ci COMMENT='Скидки';

INSERT INTO `discounts` VALUES ('1','1','1','62966400','1988-02-04 17:18:24','1976-01-08 02:41:04','2011-12-20 02:30:26','1983-06-01 06:34:17'),
('2','2','2','1','1981-10-18 08:50:44','2010-10-14 19:41:44','1981-05-16 15:51:46','1994-03-11 20:25:52'),
('3','3','3','4','2013-01-04 10:55:43','1973-05-28 08:32:38','1989-09-16 23:13:20','2012-07-16 02:58:12'),
('4','4','4','106212','1987-02-16 18:03:50','1988-08-06 16:19:52','2013-08-24 00:51:19','2003-02-04 17:24:31'),
('5','5','5','222','1976-07-29 19:08:35','2009-10-02 21:55:04','1989-03-30 13:06:12','1988-09-29 08:16:45'),
('6','6','6','97','1974-01-30 21:19:34','1974-04-19 02:08:34','1991-01-13 04:52:19','2009-09-24 05:59:07'),
('7','7','7','268355','1973-02-07 11:33:04','1988-11-10 05:00:08','1985-12-28 11:46:55','2005-06-22 13:43:08'),
('8','8','8','57765500','2006-04-03 07:00:01','1997-03-20 05:10:24','1972-09-28 13:11:21','1979-05-11 22:32:08'),
('9','9','9','79','2016-12-05 14:55:09','1991-05-04 16:56:04','1989-12-01 22:18:31','1992-06-28 06:14:26'),
('10','10','10','987151000','1977-07-21 04:22:33','2005-09-22 06:27:17','1996-06-01 09:42:17','1980-01-04 11:41:12'); 


DROP TABLE IF EXISTS `orders`;
CREATE TABLE `orders` (
  `id` bigint(20) unsigned NOT NULL AUTO_INCREMENT,
  `user_id` int(10) unsigned DEFAULT NULL,
  `created_at` datetime DEFAULT current_timestamp(),
  `updated_at` datetime DEFAULT current_timestamp() ON UPDATE current_timestamp(),
  PRIMARY KEY (`id`),
  KEY `index_of_user_id` (`user_id`)
) ENGINE=InnoDB AUTO_INCREMENT=101 DEFAULT CHARSET=utf8 COLLATE=utf8_unicode_ci COMMENT='Заказы';

INSERT INTO `orders` VALUES ('1','1','1973-08-10 02:38:38','1995-10-18 19:30:21'),
('2','2','1992-12-22 06:16:12','2001-02-27 05:46:14'),
('3','3','1986-08-17 15:43:36','1987-05-12 06:17:09'),
('4','4','2007-12-22 15:10:48','2004-05-08 22:08:12'),
('5','5','1992-09-01 05:18:02','1990-04-10 01:56:49'),
('6','6','1986-10-20 01:30:06','1992-03-30 21:25:38'),
('7','7','1996-03-01 01:35:27','2015-12-12 22:43:15'),
('8','8','2011-03-06 17:55:34','2018-05-01 19:18:29'),
('9','9','2011-10-01 01:02:20','1990-10-21 07:40:40'),
('10','10','1977-09-15 14:16:44','2017-06-20 05:11:45'),
('11','11','2010-09-18 13:50:59','2003-09-16 04:22:59'),
('12','12','1991-01-25 09:19:26','1974-05-18 23:51:45'),
('13','13','1987-06-22 10:14:38','2018-11-23 14:02:27'),
('14','14','1999-06-14 07:48:47','1972-10-31 19:21:57'),
('15','15','1985-02-25 20:33:42','2019-06-29 01:21:07'),
('16','16','1988-09-29 13:44:31','1996-04-16 03:30:37'),
('17','17','1986-04-27 23:11:30','1991-12-15 08:47:43'),
('18','18','1992-01-21 22:55:58','2002-10-05 03:04:37'),
('19','19','2019-07-09 16:28:00','2003-02-12 03:23:43'),
('20','20','1971-01-10 05:55:04','1986-12-09 04:06:02'),
('21','1','1985-07-19 12:38:45','1994-12-12 18:28:26'),
('22','2','1985-12-20 09:53:26','2017-12-06 17:32:20'),
('23','3','2017-10-30 17:12:58','2009-04-26 17:51:33'),
('24','4','1983-01-11 15:07:42','1973-04-04 22:29:29'),
('25','5','1980-07-09 10:17:28','1999-04-26 11:08:43'),
('26','6','2007-08-30 06:20:14','2012-08-15 02:35:12'),
('27','7','1993-10-05 15:16:48','2018-07-02 12:04:58'),
('28','8','1999-02-11 20:42:24','2001-09-19 08:03:23'),
('29','9','2007-07-13 06:00:35','2017-05-11 07:53:57'),
('30','10','1994-06-23 10:19:10','1995-08-22 18:36:16'),
('31','11','2007-06-01 19:37:45','1988-10-05 17:04:45'),
('32','12','1977-12-08 04:14:58','1980-02-23 08:18:17'),
('33','13','1983-11-14 19:38:44','2000-10-29 01:00:05'),
('34','14','2012-07-03 05:11:53','1992-07-28 10:23:19'),
('35','15','1974-04-04 17:19:27','1995-09-27 21:40:06'),
('36','16','2000-11-19 11:44:52','1999-05-20 13:59:57'),
('37','17','1979-04-17 13:16:01','1979-11-18 05:13:27'),
('38','18','2001-01-31 05:47:39','2001-12-10 15:23:44'),
('39','19','2004-06-27 14:40:40','2005-07-19 04:15:00'),
('40','20','2016-06-12 08:12:08','1992-04-23 06:28:19'),
('41','1','2001-06-06 01:21:13','2005-02-08 17:43:35'),
('42','2','2013-10-16 00:37:57','2016-01-02 08:33:50'),
('43','3','2019-06-23 01:00:49','2004-05-26 19:07:17'),
('44','4','2013-08-27 03:04:10','1971-07-11 03:27:19'),
('45','5','1987-11-11 00:26:21','1971-09-10 08:44:39'),
('46','6','1974-10-13 01:35:05','1996-12-23 05:55:58'),
('47','7','1982-11-27 05:00:10','1974-06-20 21:54:17'),
('48','8','1979-04-18 12:02:53','1983-02-14 05:59:35'),
('49','9','1993-09-02 07:34:00','2014-08-11 19:24:24'),
('50','10','2014-05-21 18:14:40','1990-09-09 02:39:38'),
('51','11','2003-06-14 02:35:43','1976-01-28 07:16:33'),
('52','12','2003-07-10 00:17:41','1971-07-29 15:54:01'),
('53','13','1993-08-17 15:45:52','2012-10-23 09:34:49'),
('54','14','1977-07-02 21:25:39','2010-11-24 13:06:35'),
('55','15','1995-10-30 11:16:23','2010-06-18 05:43:09'),
('56','16','2015-07-15 17:50:53','1981-11-05 22:09:55'),
('57','17','2011-12-04 03:07:44','2004-12-01 06:21:24'),
('58','18','2015-08-14 07:39:46','1987-08-01 08:43:28'),
('59','19','1991-12-08 18:56:51','1972-04-26 08:49:55'),
('60','20','1981-10-18 18:20:43','2013-06-15 19:35:13'),
('61','1','2010-05-02 23:17:37','2000-10-14 01:59:29'),
('62','2','2013-06-28 06:18:39','1996-05-03 07:10:42'),
('63','3','1982-07-26 14:20:50','2018-07-03 01:29:15'),
('64','4','1978-05-03 23:50:28','2005-12-08 21:05:30'),
('65','5','2000-09-03 18:08:12','2019-08-22 20:04:36'),
('66','6','1985-08-18 11:22:43','2013-02-22 18:27:08'),
('67','7','1973-05-31 12:07:24','2004-12-18 09:34:33'),
('68','8','1984-12-29 22:46:38','1970-05-28 20:39:59'),
('69','9','2005-03-05 17:20:20','2009-07-08 06:25:36'),
('70','10','1984-02-17 15:37:01','2015-07-29 00:20:39'),
('71','11','2000-06-22 02:58:23','1975-05-18 20:06:00'),
('72','12','2010-10-03 17:58:03','1974-01-30 09:57:46'),
('73','13','1990-11-17 01:36:47','1997-12-11 21:13:08'),
('74','14','1987-09-29 15:31:57','2013-03-21 07:59:21'),
('75','15','1984-02-08 19:20:04','1999-01-06 23:03:15'),
('76','16','1988-02-03 12:33:55','1975-10-24 16:30:04'),
('77','17','2019-07-04 00:17:04','2006-02-13 16:52:45'),
('78','18','1979-07-30 08:15:29','2005-03-31 13:51:32'),
('79','19','2006-02-10 13:14:00','2019-02-04 17:13:44'),
('80','20','2007-08-08 17:43:43','2010-06-22 02:29:16'),
('81','1','1976-11-01 02:14:58','1976-08-24 23:14:11'),
('82','2','2015-02-06 20:09:00','2002-08-31 16:33:30'),
('83','3','1970-11-07 22:17:49','1992-12-02 21:15:54'),
('84','4','1984-11-20 08:13:52','1985-10-25 14:10:02'),
('85','5','1994-12-11 10:07:41','2018-05-20 05:58:17'),
('86','6','2013-04-05 15:26:25','2007-03-07 08:39:32'),
('87','7','2002-05-15 12:04:03','1979-01-23 07:32:07'),
('88','8','2000-04-09 04:18:59','1998-10-19 05:09:43'),
('89','9','2000-06-04 19:37:59','2000-01-08 00:28:52'),
('90','10','1981-02-07 10:05:07','1994-05-08 18:33:50'),
('91','11','2000-05-08 20:14:51','1986-02-24 06:50:48'),
('92','12','1977-05-03 06:27:38','2010-12-13 07:56:14'),
('93','13','1986-10-01 08:55:25','2019-10-07 06:50:26'),
('94','14','2016-02-03 23:35:38','1981-04-21 05:11:37'),
('95','15','1976-08-29 10:03:51','2016-12-15 03:43:07'),
('96','16','2010-03-17 21:59:50','1975-03-08 02:39:55'),
('97','17','1971-05-22 12:08:50','2018-05-16 21:25:24'),
('98','18','2012-06-25 23:50:46','2012-05-01 01:41:36'),
('99','19','2009-08-18 21:10:37','1981-06-23 23:30:32'),
('100','20','2002-07-10 00:08:06','2019-04-16 09:19:48'); 


DROP TABLE IF EXISTS `orders_products`;
CREATE TABLE `orders_products` (
  `id` bigint(20) unsigned NOT NULL AUTO_INCREMENT,
  `order_id` int(10) unsigned DEFAULT NULL,
  `product_id` int(10) unsigned DEFAULT NULL,
  `total` int(10) unsigned DEFAULT 1 COMMENT 'Количество заказанных товарных позиций',
  `created_at` datetime DEFAULT current_timestamp(),
  `updated_at` datetime DEFAULT current_timestamp() ON UPDATE current_timestamp(),
  PRIMARY KEY (`id`)
) ENGINE=InnoDB AUTO_INCREMENT=101 DEFAULT CHARSET=utf8 COLLATE=utf8_unicode_ci COMMENT='Состав заказа';

INSERT INTO `orders_products` VALUES ('1','1','1','1','1986-04-01 07:55:45','1970-01-04 23:54:47'),
('2','2','2','1','1993-07-06 00:02:54','1974-01-19 13:50:14'),
('3','3','3','1','1986-06-22 22:48:10','1996-07-11 11:25:03'),
('4','4','4','1','2018-03-06 18:01:28','1977-03-06 01:54:15'),
('5','5','5','1','1995-06-22 13:55:18','2012-03-09 12:22:20'),
('6','6','6','1','1979-03-04 14:57:26','2003-10-01 15:11:03'),
('7','7','7','1','1998-06-16 17:17:34','2019-09-17 20:28:40'),
('8','8','8','1','1995-07-12 12:32:30','1988-10-27 12:44:23'),
('9','9','9','1','1984-03-31 23:22:08','2007-02-21 03:35:45'),
('10','10','10','1','2009-09-10 00:42:01','2018-09-15 05:04:05'),
('11','11','11','1','1982-09-02 23:22:19','2011-03-22 18:12:51'),
('12','12','12','1','2017-02-05 21:33:35','2004-09-22 01:51:22'),
('13','13','13','1','1988-11-24 19:16:22','1976-09-19 08:18:19'),
('14','14','14','1','1985-11-29 19:47:49','1986-06-13 21:15:00'),
('15','15','15','1','1971-10-02 09:13:06','1997-09-29 10:13:25'),
('16','16','16','1','1982-01-23 21:22:57','1988-03-17 03:03:31'),
('17','17','17','1','2003-10-09 18:52:51','1976-01-17 10:29:33'),
('18','18','18','1','2016-07-13 04:12:48','2018-07-12 17:39:09'),
('19','19','19','1','2004-11-13 01:06:06','1998-05-28 16:07:52'),
('20','20','20','1','1973-07-09 23:48:46','2009-05-18 12:40:30'),
('21','21','1','1','1983-04-18 14:26:26','1977-06-29 14:58:16'),
('22','22','2','1','2000-06-05 18:06:24','2015-09-05 09:17:31'),
('23','23','3','1','1984-09-17 03:51:53','1977-08-23 22:45:06'),
('24','24','4','1','1997-08-17 17:26:17','2009-05-20 08:01:33'),
('25','25','5','1','1983-05-16 22:58:04','1992-06-02 14:27:26'),
('26','26','6','1','2002-05-21 01:07:56','2015-08-18 11:19:58'),
('27','27','7','1','2019-09-16 06:00:26','2013-05-26 14:56:16'),
('28','28','8','1','1995-09-03 23:09:32','2018-03-22 07:59:47'),
('29','29','9','1','2019-08-21 07:11:45','1987-06-02 21:40:35'),
('30','30','10','1','1976-05-28 16:42:06','1977-03-05 21:04:26'),
('31','31','11','1','2011-03-25 12:54:32','1976-06-03 23:19:20'),
('32','32','12','1','2000-07-11 09:35:23','1982-12-15 02:11:16'),
('33','33','13','1','1999-08-17 23:19:48','1990-09-05 06:30:34'),
('34','34','14','1','1996-11-24 22:59:05','1991-04-15 16:57:55'),
('35','35','15','1','2006-11-23 18:57:01','2005-04-26 02:49:27'),
('36','36','16','1','2005-01-06 15:27:18','1993-09-13 08:30:00'),
('37','37','17','1','1985-10-06 15:51:57','1989-03-31 07:31:04'),
('38','38','18','1','1991-02-14 13:46:51','2017-06-28 14:14:44'),
('39','39','19','1','1995-06-24 22:09:44','1974-04-10 20:55:06'),
('40','40','20','1','1995-06-22 17:38:06','1999-01-09 06:22:53'),
('41','41','1','1','1981-02-24 17:27:02','2003-06-13 20:26:30'),
('42','42','2','1','1994-09-02 08:29:05','1997-08-17 10:20:31'),
('43','43','3','1','1971-05-21 01:25:23','2003-12-23 07:11:55'),
('44','44','4','1','1997-03-30 03:18:07','1981-12-10 07:38:42'),
('45','45','5','1','1984-08-08 02:08:42','1980-09-02 22:42:17'),
('46','46','6','1','2004-01-23 20:19:55','1981-12-24 21:16:40'),
('47','47','7','1','2008-04-13 12:30:02','2016-08-25 11:28:31'),
('48','48','8','1','1989-03-29 08:00:45','1986-10-15 08:44:44'),
('49','49','9','1','2018-06-18 20:21:51','2015-03-16 01:20:18'),
('50','50','10','1','1974-03-16 19:44:15','1981-03-03 16:48:42'),
('51','51','11','1','2001-02-24 02:18:33','1999-11-01 06:15:12'),
('52','52','12','1','1981-01-02 20:02:04','1971-02-24 20:48:03'),
('53','53','13','1','2003-05-16 11:21:42','1998-09-15 22:41:05'),
('54','54','14','1','1977-07-31 00:41:10','1998-08-18 11:56:22'),
('55','55','15','1','1994-06-11 18:27:57','1987-09-06 21:50:00'),
('56','56','16','1','2011-08-23 13:17:10','1986-12-30 10:08:07'),
('57','57','17','1','1986-05-24 06:11:31','1976-08-05 19:20:34'),
('58','58','18','1','2014-08-24 23:32:45','1994-09-25 02:59:25'),
('59','59','19','1','2007-03-26 08:31:38','1995-11-16 06:46:52'),
('60','60','20','1','1978-03-14 15:08:17','1995-08-16 04:32:25'),
('61','61','1','1','2006-01-30 15:45:00','2014-07-21 19:25:56'),
('62','62','2','1','1987-09-21 03:01:20','1990-05-14 18:54:44'),
('63','63','3','1','2018-11-14 01:05:14','1995-12-29 17:08:38'),
('64','64','4','1','1994-07-16 03:50:22','1989-04-24 02:09:12'),
('65','65','5','1','2019-08-25 18:35:09','1990-09-24 16:09:43'),
('66','66','6','1','2014-11-16 16:50:27','1982-04-11 02:00:06'),
('67','67','7','1','1988-11-09 01:00:12','1976-04-05 07:22:29'),
('68','68','8','1','1979-11-12 17:38:39','2000-04-20 04:58:00'),
('69','69','9','1','1992-11-05 15:09:48','1976-12-08 10:31:46'),
('70','70','10','1','1995-05-16 10:00:58','2006-11-16 16:35:50'),
('71','71','11','1','1982-09-16 21:29:44','1988-07-17 16:27:47'),
('72','72','12','1','1996-10-01 05:17:44','2017-10-29 23:54:51'),
('73','73','13','1','2003-11-26 10:36:39','1982-01-22 03:34:36'),
('74','74','14','1','2009-10-14 07:06:07','1992-12-15 12:44:34'),
('75','75','15','1','2013-10-31 02:54:14','2016-05-21 09:08:22'),
('76','76','16','1','1973-09-26 05:41:54','1998-07-17 21:23:22'),
('77','77','17','1','1971-12-15 15:09:11','2003-10-26 23:12:39'),
('78','78','18','1','1988-10-09 19:30:21','2008-11-23 18:04:22'),
('79','79','19','1','1986-03-13 16:52:47','1978-04-22 02:40:03'),
('80','80','20','1','1994-03-25 06:00:27','1994-11-18 10:39:47'),
('81','81','1','1','1982-11-27 06:55:27','1992-01-18 07:03:56'),
('82','82','2','1','1980-07-22 18:37:40','2019-09-18 07:47:28'),
('83','83','3','1','1971-04-18 10:36:51','2015-12-11 03:50:24'),
('84','84','4','1','2006-06-03 21:13:02','1978-01-27 23:45:14'),
('85','85','5','1','2018-09-24 09:04:10','2015-06-17 19:51:09'),
('86','86','6','1','2006-03-16 00:41:05','2001-06-13 07:51:06'),
('87','87','7','1','2002-02-09 15:58:46','1978-07-14 04:28:59'),
('88','88','8','1','1998-01-31 08:43:47','1994-08-25 17:19:18'),
('89','89','9','1','1977-03-06 18:07:19','2018-01-14 21:45:19'),
('90','90','10','1','2018-07-10 01:20:59','2010-05-13 07:49:02'),
('91','91','11','1','1995-06-21 18:45:41','1999-09-24 14:20:40'),
('92','92','12','1','2009-07-28 19:09:09','1991-11-16 23:00:32'),
('93','93','13','1','2013-04-20 08:31:10','1991-03-09 02:55:39'),
('94','94','14','1','1992-09-14 01:55:25','1978-08-06 14:55:49'),
('95','95','15','1','1984-07-01 18:34:21','1985-01-14 16:11:50'),
('96','96','16','1','1984-06-01 23:00:48','2004-08-15 08:51:58'),
('97','97','17','1','1990-03-10 16:45:37','2002-01-17 08:28:44'),
('98','98','18','1','2017-08-02 21:19:00','2014-03-06 00:57:38'),
('99','99','19','1','1994-02-20 00:25:59','1970-12-21 02:47:51'),
('100','100','20','1','1977-01-29 08:54:24','2011-01-29 14:29:20'); 


DROP TABLE IF EXISTS `products`;
CREATE TABLE `products` (
  `id` bigint(20) unsigned NOT NULL AUTO_INCREMENT,
  `name` varchar(255) COLLATE utf8_unicode_ci DEFAULT NULL COMMENT 'Название',
  `desription` text COLLATE utf8_unicode_ci DEFAULT NULL COMMENT 'Описание',
  `price` decimal(11,2) DEFAULT NULL COMMENT 'Цена',
  `catalog_id` int(10) unsigned DEFAULT NULL,
  `created_at` datetime DEFAULT current_timestamp(),
  `updated_at` datetime DEFAULT current_timestamp() ON UPDATE current_timestamp(),
  PRIMARY KEY (`id`),
  KEY `index_of_catalog_id` (`catalog_id`)
) ENGINE=InnoDB AUTO_INCREMENT=21 DEFAULT CHARSET=utf8 COLLATE=utf8_unicode_ci COMMENT='Товарные позиции';

INSERT INTO `products` VALUES ('1','dolorem',NULL,'0.21','8','1997-01-12 20:07:18','1976-07-14 08:28:47'),
('2','ea',NULL,'78.40','7','1993-03-06 01:09:22','2005-01-20 07:53:10'),
('3','sed',NULL,'4833.66','8','2001-08-11 03:57:07','2005-08-17 09:13:10'),
('4','voluptas',NULL,'0.00','1','2018-04-14 15:09:32','2012-01-10 02:02:15'),
('5','in',NULL,'617.29','8','1977-01-20 14:24:11','1998-05-10 21:29:41'),
('6','eveniet',NULL,'115.60','1','2017-07-02 10:21:18','1982-04-02 12:04:40'),
('7','et',NULL,'1.96','0','1971-09-08 04:44:23','2010-12-19 00:52:47'),
('8','officia',NULL,'30444333.37','6','2000-03-02 21:01:04','1979-09-16 23:52:24'),
('9','eligendi',NULL,'733.11','9','1972-05-27 16:29:05','1996-12-30 00:05:40'),
('10','ex',NULL,'0.00','7','2010-10-20 02:38:06','1999-10-07 00:56:23'),
('11','temporibus',NULL,'8254387.06','6','2016-12-13 18:14:38','1976-02-17 07:43:15'),
('12','dolorem',NULL,'28146.20','9','2019-04-01 08:57:58','2009-01-28 21:57:30'),
('13','et',NULL,'32.92','5','1979-04-30 04:47:15','1997-05-17 15:54:57'),
('14','dolores',NULL,'416052.96','2','2003-02-16 02:30:15','2019-08-21 18:41:30'),
('15','sed',NULL,'538810.00','8','1971-01-05 20:27:26','1995-05-05 00:07:29'),
('16','aliquam',NULL,'0.00','9','2000-12-11 09:52:34','1975-12-25 08:17:46'),
('17','quidem',NULL,'7861.27','3','2011-01-20 01:56:33','2016-02-19 06:10:01'),
('18','veniam',NULL,'27.20','0','1986-04-23 08:39:17','1975-12-14 09:30:23'),
('19','placeat',NULL,'167292052.00','2','1997-07-15 07:17:25','1990-02-19 05:12:08'),
('20','quo',NULL,'24.21','8','1972-05-09 06:09:57','1980-05-13 14:15:13'); 


DROP TABLE IF EXISTS `storehouses`;
CREATE TABLE `storehouses` (
  `id` bigint(20) unsigned NOT NULL AUTO_INCREMENT,
  `name` varchar(255) COLLATE utf8_unicode_ci DEFAULT NULL COMMENT 'Название',
  `created_at` datetime DEFAULT current_timestamp(),
  `updated_at` datetime DEFAULT current_timestamp() ON UPDATE current_timestamp(),
  PRIMARY KEY (`id`)
) ENGINE=InnoDB AUTO_INCREMENT=21 DEFAULT CHARSET=utf8 COLLATE=utf8_unicode_ci COMMENT='Склады';

INSERT INTO `storehouses` VALUES ('1','quae','1978-04-13 13:15:32','1985-08-10 06:56:28'),
('2','consequatur','1979-03-13 01:36:55','1992-04-25 20:11:48'),
('3','et','2001-12-29 07:51:00','2008-05-21 17:28:53'),
('4','aut','1977-06-25 10:07:34','1992-08-18 21:43:58'),
('5','sed','1995-09-21 19:43:49','2002-12-31 10:40:06'),
('6','velit','2001-05-14 07:23:39','1987-10-29 21:26:58'),
('7','voluptas','1978-10-06 01:43:16','1988-05-22 02:03:52'),
('8','et','1985-02-19 15:13:33','1990-12-15 08:57:23'),
('9','officia','1982-11-29 06:15:33','2012-04-23 04:24:51'),
('10','voluptate','2002-10-14 08:56:28','1983-07-31 02:58:30'),
('11','vel','1987-08-18 13:09:21','2015-12-02 22:47:34'),
('12','tempore','1976-04-07 22:10:50','1970-11-21 00:20:50'),
('13','ut','1996-08-23 17:53:54','1977-05-26 09:51:57'),
('14','sed','1988-05-04 02:21:31','1995-05-02 04:28:40'),
('15','aliquam','1970-09-04 00:05:18','2003-04-12 17:05:59'),
('16','et','1980-09-22 10:34:33','2019-08-20 02:16:59'),
('17','omnis','1982-04-09 06:37:00','2011-09-22 10:41:01'),
('18','sit','1991-07-03 11:29:43','2005-07-18 18:22:46'),
('19','qui','1985-12-31 04:00:04','1970-02-20 06:40:41'),
('20','harum','1976-12-02 15:33:17','1984-11-25 10:21:38'); 


DROP TABLE IF EXISTS `storehouses_products`;
CREATE TABLE `storehouses_products` (
  `id` bigint(20) unsigned NOT NULL AUTO_INCREMENT,
  `storehouse_id` int(10) unsigned DEFAULT NULL,
  `product_id` int(10) unsigned DEFAULT NULL,
  `value` int(10) unsigned DEFAULT NULL COMMENT 'Запас товарной позиции на складе',
  `created_at` datetime DEFAULT current_timestamp(),
  `updated_at` datetime DEFAULT current_timestamp() ON UPDATE current_timestamp(),
  PRIMARY KEY (`id`)
) ENGINE=InnoDB AUTO_INCREMENT=21 DEFAULT CHARSET=utf8 COLLATE=utf8_unicode_ci COMMENT='Запасы на складе';

INSERT INTO `storehouses_products` VALUES ('1','1','1','9','2019-11-19 21:09:35','2008-04-30 06:45:24'),
('2','2','2','4','1977-03-29 20:47:55','1970-04-05 00:09:35'),
('3','3','3','1','2011-08-07 17:23:49','2017-04-11 10:34:17'),
('4','4','4','6','1987-01-26 09:34:51','1989-08-05 04:40:31'),
('5','5','5','2','2019-09-28 16:17:06','1990-02-05 01:14:58'),
('6','6','6','2','2019-04-09 07:35:03','2008-09-21 18:30:50'),
('7','7','7','9','1994-09-05 18:32:17','1987-05-31 09:24:56'),
('8','8','8','9','1993-12-03 22:14:09','1985-04-30 08:33:24'),
('9','9','9','3','2000-02-14 12:59:33','1972-04-06 04:01:34'),
('10','10','10','0','1988-02-06 11:27:20','1979-02-26 19:22:05'),
('11','11','11','2','1993-02-03 03:07:30','1981-01-04 18:17:59'),
('12','12','12','3','1994-02-22 06:05:24','1971-08-28 08:29:06'),
('13','13','13','5','1998-08-23 07:45:41','2018-09-11 01:03:30'),
('14','14','14','0','2014-02-06 21:03:50','2001-09-04 13:06:40'),
('15','15','15','0','2000-03-18 21:38:25','2005-09-03 11:49:10'),
('16','16','16','9','1975-05-03 14:55:15','1975-03-06 08:08:17'),
('17','17','17','3','1979-02-12 05:40:13','2002-06-28 08:31:11'),
('18','18','18','5','2018-11-05 13:08:43','1996-01-15 21:16:38'),
('19','19','19','6','1984-04-18 16:41:40','1971-08-01 13:46:59'),
('20','20','20','9','1971-09-24 17:35:35','2014-04-28 00:53:12'); 


DROP TABLE IF EXISTS `users`;
CREATE TABLE `users` (
  `id` bigint(20) unsigned NOT NULL AUTO_INCREMENT,
  `name` varchar(255) COLLATE utf8_unicode_ci DEFAULT NULL COMMENT 'Имя покупателя',
  `birthday_at` date DEFAULT NULL COMMENT 'Дата рождения',
  `created_at` datetime DEFAULT current_timestamp(),
  `updated_at` datetime DEFAULT current_timestamp() ON UPDATE current_timestamp(),
  PRIMARY KEY (`id`)
) ENGINE=InnoDB AUTO_INCREMENT=21 DEFAULT CHARSET=utf8 COLLATE=utf8_unicode_ci COMMENT='Покупатели';

INSERT INTO `users` VALUES ('1','sapiente','1977-04-11','1988-07-03 21:57:00','2001-04-26 07:27:11'),
('2','repellat','2007-11-17','1972-11-22 19:51:53','1983-04-30 21:06:39'),
('3','est','2014-09-05','1972-04-17 10:20:53','2019-03-17 09:27:39'),
('4','sunt','2007-09-12','1975-05-06 13:58:28','1973-10-11 03:27:03'),
('5','labore','2014-12-13','1980-07-16 10:32:25','2016-02-29 04:09:17'),
('6','autem','1991-05-21','1990-10-15 09:46:27','1983-05-15 18:33:03'),
('7','libero','1993-06-04','1983-07-06 09:19:03','1976-11-03 17:29:15'),
('8','nihil','1970-10-02','1992-06-17 20:33:45','1982-08-09 08:22:32'),
('9','molestiae','1971-09-22','2005-08-04 03:20:10','1990-08-29 04:33:19'),
('10','nisi','1995-01-02','1980-04-02 06:49:19','1970-06-18 23:59:53'),
('11','eaque','1972-11-09','2005-08-05 07:25:26','1995-03-05 02:10:50'),
('12','unde','2016-09-29','2003-07-13 06:10:16','1978-12-17 05:26:08'),
('13','quod','2002-06-07','1976-06-20 06:18:49','1987-02-04 05:59:28'),
('14','illum','2016-07-25','2019-02-13 13:39:25','2010-06-05 01:19:35'),
('15','illum','1976-05-03','1977-08-07 08:39:53','1982-07-31 03:03:51'),
('16','ducimus','2015-06-16','2003-02-10 18:44:13','1998-02-26 15:29:49'),
('17','minus','2013-12-14','2014-08-23 19:01:22','1974-03-19 01:08:51'),
('18','et','1994-11-25','1995-10-16 05:04:51','1991-01-11 05:08:13'),
('19','et','2000-05-31','1985-01-19 00:44:48','2005-02-04 16:51:56'),
('20','fugiat','1976-06-30','1972-06-09 15:42:12','1992-03-03 21:06:57'); 




/*!40101 SET SQL_MODE=@OLD_SQL_MODE */;
/*!40014 SET FOREIGN_KEY_CHECKS=@OLD_FOREIGN_KEY_CHECKS */;
/*!40014 SET UNIQUE_CHECKS=@OLD_UNIQUE_CHECKS */;
/*!40101 SET CHARACTER_SET_CLIENT=@OLD_CHARACTER_SET_CLIENT */;
/*!40101 SET CHARACTER_SET_RESULTS=@OLD_CHARACTER_SET_RESULTS */;
/*!40101 SET COLLATION_CONNECTION=@OLD_COLLATION_CONNECTION */;
/*!40111 SET SQL_NOTES=@OLD_SQL_NOTES */;

